1,https://findit.dtu.dk/en/catalog/654edb917d24bf043262a71d
2,https://findit.dtu.dk/en/catalog/654edc0c4036ea0432ce7962
3,https://findit.dtu.dk/en/catalog/654edb5443cae2043239ef29
4,https://findit.dtu.dk/en/catalog/654edae43757010432a30173
5,https://findit.dtu.dk/en/catalog/5c6febbbd9001d01a66d9fab
6,https://findit.dtu.dk/en/catalog/654edb8327e54104326957a9
7,https://findit.dtu.dk/en/catalog/655024a8be4e1b0432c3a936
8,https://findit.dtu.dk/en/catalog/654edc33a08e6304324b526e
9,https://findit.dtu.dk/en/catalog/5d89fa66d9001d0195129123
10,https://findit.dtu.dk/en/catalog/65522c2752131e03d1d95619
11,https://findit.dtu.dk/en/catalog/5c6febd3d9001d01a66da1a7
12,https://findit.dtu.dk/en/catalog/5c6febbbd9001d01a66d9fae
13,https://findit.dtu.dk/en/catalog/5d89fa66d9001d0195129121
14,https://findit.dtu.dk/en/catalog/65502521db5be10432184aca
15,https://findit.dtu.dk/en/catalog/5c6febbbd9001d01a66d9fb2
16,https://findit.dtu.dk/en/catalog/654edb91ebb14b0432fc62f8
17,https://findit.dtu.dk/en/catalog/654edc31035cd70432658942
18,https://findit.dtu.dk/en/catalog/5ceda585d9001d20d9655868
19,https://findit.dtu.dk/en/catalog/5f804558d9001d01c61533fa
20,https://findit.dtu.dk/en/catalog/654edb83e81e1704328af5ca
21,https://findit.dtu.dk/en/catalog/65502521f399770432a8d9de
22,https://findit.dtu.dk/en/catalog/654edc3141447f0432a2fbc6
23,https://findit.dtu.dk/en/catalog/654edb832b62fc04323f51e6
24,https://findit.dtu.dk/en/catalog/5ef1e188d9001d01ab74a7e6
25,https://findit.dtu.dk/en/catalog/654edbd02bf8220432268a28
26,https://findit.dtu.dk/en/catalog/6550249ff6e79e04327963ff
27,https://findit.dtu.dk/en/catalog/654edbff74b11d0432f3c23e
28,https://findit.dtu.dk/en/catalog/654edbccc5086b0432a205bb
29,https://findit.dtu.dk/en/catalog/655176ca35159404324010b7
30,https://findit.dtu.dk/en/catalog/655024a24b834404327d9482
31,https://findit.dtu.dk/en/catalog/65502513ca68a80432136ec6
32,https://findit.dtu.dk/en/catalog/5c6feba5d9001d01a66d9d8e
33,https://findit.dtu.dk/en/catalog/5c6febd3d9001d01a66da198
34,https://findit.dtu.dk/en/catalog/655025331b3aff04323af5b5
35,https://findit.dtu.dk/en/catalog/654edc33da7ee60432a60026
36,https://findit.dtu.dk/en/catalog/654edc655cb4e20432e22759
37,https://findit.dtu.dk/en/catalog/654edc339cdf300432139365
38,https://findit.dtu.dk/en/catalog/62444210366b92f30c6e83eb
39,https://findit.dtu.dk/en/catalog/654edbd02e90ca043229d0fa
40,https://findit.dtu.dk/en/catalog/654edc65a7637304326fb560
41,https://findit.dtu.dk/en/catalog/5c6febd3d9001d01a66da19f
42,https://findit.dtu.dk/en/catalog/655176c02fc8b404328d8ed8
43,https://findit.dtu.dk/en/catalog/6550252181a2ce043248ecd1
44,https://findit.dtu.dk/en/catalog/654edbcc3ee00204323e57bd
45,https://findit.dtu.dk/en/catalog/5d5bd49bd9001d060146b75d
46,https://findit.dtu.dk/en/catalog/654edc658d945204324003c7
47,https://findit.dtu.dk/en/catalog/654edc655f8cc6043201edbe
48,https://findit.dtu.dk/en/catalog/6051f3a1d9001d0199638dca
49,https://findit.dtu.dk/en/catalog/654edbd388f5ef0432caed91
50,https://findit.dtu.dk/en/catalog/5fb512afd9001d01975660ae
51,https://findit.dtu.dk/en/catalog/6550252161b75604321b42e8
52,https://findit.dtu.dk/en/catalog/61cef65809efef110f5c992e
53,https://findit.dtu.dk/en/catalog/5c0bb919d9001d016f4515b4
54,https://findit.dtu.dk/en/catalog/655024a2061a7704323c2067
55,https://findit.dtu.dk/en/catalog/654edb91e788550432f6a440
56,https://findit.dtu.dk/en/catalog/5a54b2565010df43c358c713
57,https://findit.dtu.dk/en/catalog/654edb913f83df04321fdbf1
58,https://findit.dtu.dk/en/catalog/5e589125d9001d03f3412b8f
59,https://findit.dtu.dk/en/catalog/655176c69517b60432c9c0eb
60,https://findit.dtu.dk/en/catalog/654edbf0c1fb990432cfa430
61,https://findit.dtu.dk/en/catalog/5c713f3cd9001d01a670d455
62,https://findit.dtu.dk/en/catalog/654edb91f4453a0432dfaca0
63,https://findit.dtu.dk/en/catalog/655176bc469633043207f7d9
64,https://findit.dtu.dk/en/catalog/655176c02e146f0432934052
65,https://findit.dtu.dk/en/catalog/654edbf0ac7b2104320518d4
66,https://findit.dtu.dk/en/catalog/60def892d9001d019303bb0e
67,https://findit.dtu.dk/en/catalog/654edbffc1b8eb0432f42aaa
68,https://findit.dtu.dk/en/catalog/65502529da5be9043214fbbb
69,https://findit.dtu.dk/en/catalog/654edc333428bf04325109c4
70,https://findit.dtu.dk/en/catalog/5b59ad2f5010df01a53e9833
71,https://findit.dtu.dk/en/catalog/654edc330d4d5d0432e9d173
72,https://findit.dtu.dk/en/catalog/654edc245594400432300da8
73,https://findit.dtu.dk/en/catalog/654edc246635860432c15591
74,https://findit.dtu.dk/en/catalog/5c6febbbd9001d01a66d9fb6
75,https://findit.dtu.dk/en/catalog/654edb543e2fc40432e1e297
76,https://findit.dtu.dk/en/catalog/655176c055280f04325fc2d3
77,https://findit.dtu.dk/en/catalog/654edc65b5091304325331cc
78,https://findit.dtu.dk/en/catalog/654edc4fb06fec04326aaeb5
79,https://findit.dtu.dk/en/catalog/654edc3145a6e204325bd93c
80,https://findit.dtu.dk/en/catalog/5adf14795010df16217754c8
81,https://findit.dtu.dk/en/catalog/6170514ad9001d019155deab
82,https://findit.dtu.dk/en/catalog/60bf5055d9001d019c3bbf33
83,https://findit.dtu.dk/en/catalog/654edc33301d2304328a8fb5
84,https://findit.dtu.dk/en/catalog/655025331b6088043243792c
85,https://findit.dtu.dk/en/catalog/5c6febbbd9001d01a66d9fbe
86,https://findit.dtu.dk/en/catalog/654edc0cb410bb04327a1b3a
87,https://findit.dtu.dk/en/catalog/5b2c32235010df024e778789
88,https://findit.dtu.dk/en/catalog/654edaacf6c50f0432bd02f2
89,https://findit.dtu.dk/en/catalog/6550252151d7240432a52f2c
90,https://findit.dtu.dk/en/catalog/6550249f5a0c7b043267ef19
91,https://findit.dtu.dk/en/catalog/65502521a9ca27043224e952
92,https://findit.dtu.dk/en/catalog/65502521524d240432fa3357
93,https://findit.dtu.dk/en/catalog/6235f2e3d60c94c1537596f3
94,https://findit.dtu.dk/en/catalog/654edaac6a162b04327f99b9
95,https://findit.dtu.dk/en/catalog/6009706ed9001d019e50e6c7
96,https://findit.dtu.dk/en/catalog/654edc3336c95a0432871102
97,https://findit.dtu.dk/en/catalog/5e591a84d9001d01ae4d444b
98,https://findit.dtu.dk/en/catalog/655176c62851b90432399697
99,https://findit.dtu.dk/en/catalog/654edc651a52dd0432756d25
100,https://findit.dtu.dk/en/catalog/5f48e715d9001d019c5a69d1
101,https://findit.dtu.dk/en/catalog/5ee8acead9001d01932daa61
102,https://findit.dtu.dk/en/catalog/654edb91664d9c04321dcb72
103,https://findit.dtu.dk/en/catalog/5ced7187d9001d283e0695d7
104,https://findit.dtu.dk/en/catalog/655025216f4c3304326d2967
105,https://findit.dtu.dk/en/catalog/5ec66346d9001d889608adf2
106,https://findit.dtu.dk/en/catalog/654edc333fe7cb0432c8c97f
107,https://findit.dtu.dk/en/catalog/654edbffe33f3c0432731bb2
108,https://findit.dtu.dk/en/catalog/5c6febd3d9001d01a66da19b
109,https://findit.dtu.dk/en/catalog/654edbcc49b6b004328450e8
110,https://findit.dtu.dk/en/catalog/655025212f64b504321fe3f0
111,https://findit.dtu.dk/en/catalog/65502521a1d74b04322753ce
112,https://findit.dtu.dk/en/catalog/654edbd09da3c204328f3047
113,https://findit.dtu.dk/en/catalog/654edb91d92c520432a49fea
114,https://findit.dtu.dk/en/catalog/654edbff916b43043237e7b0
115,https://findit.dtu.dk/en/catalog/65502510314788043235e748
116,https://findit.dtu.dk/en/catalog/654edb83cdb01a04325dcb66
117,https://findit.dtu.dk/en/catalog/5da1bb0cd9001d017a63d2c3
118,https://findit.dtu.dk/en/catalog/654edbcc728b6f0432af5e0e
119,https://findit.dtu.dk/en/catalog/654edaecb2620004325b17b6
120,https://findit.dtu.dk/en/catalog/6025206ad9001d01923a0817
121,https://findit.dtu.dk/en/catalog/654edb91745a2f0432a43b37
122,https://findit.dtu.dk/en/catalog/654edbcc3650ef0432150886
123,https://findit.dtu.dk/en/catalog/5c713f3cd9001d01a670d44f
124,https://findit.dtu.dk/en/catalog/5e8f03e8d9001d018e729c4e
125,https://findit.dtu.dk/en/catalog/654edc33d3e05a0432ed0349
126,https://findit.dtu.dk/en/catalog/654edc311148ca04323bed90
127,https://findit.dtu.dk/en/catalog/654edc657366310432ba671a
128,https://findit.dtu.dk/en/catalog/654edc33d0c26f0432f1e727
129,https://findit.dtu.dk/en/catalog/6550251001d0c8043208b6db
130,https://findit.dtu.dk/en/catalog/654edc332a11390432d46716
131,https://findit.dtu.dk/en/catalog/654edc24e2c0e004325f361e
132,https://findit.dtu.dk/en/catalog/654edbf0624a6c04322befd5
133,https://findit.dtu.dk/en/catalog/5c6fe9f0d9001d01a66d71c4
134,https://findit.dtu.dk/en/catalog/655176be5f47e10432d639a1
135,https://findit.dtu.dk/en/catalog/5c6febbbd9001d01a66d9fb9
136,https://findit.dtu.dk/en/catalog/6550249f32096404329b1ba0
137,https://findit.dtu.dk/en/catalog/6550252186e8ed0432b776f2
138,https://findit.dtu.dk/en/catalog/655176c015a8760432c8d47a
139,https://findit.dtu.dk/en/catalog/654edc0cb0142c0432b8760d
140,https://findit.dtu.dk/en/catalog/654edb8333be420432e851a0
141,https://findit.dtu.dk/en/catalog/655024a8cdbca404324c7cda
142,https://findit.dtu.dk/en/catalog/655024a87e01f904321992cb
143,https://findit.dtu.dk/en/catalog/655176c6124ed60432aad7e9
144,https://findit.dtu.dk/en/catalog/65502521467c400432382cff
145,https://findit.dtu.dk/en/catalog/65502529d35d2c0432a8456d
146,https://findit.dtu.dk/en/catalog/655025214eced70432eca165
147,https://findit.dtu.dk/en/catalog/5c6feba0d9001d01a66d9d6a
148,https://findit.dtu.dk/en/catalog/5c6febd3d9001d01a66da19c
149,https://findit.dtu.dk/en/catalog/654edc312dcece043276bba6
150,https://findit.dtu.dk/en/catalog/65502521c11f910432153f80
151,https://findit.dtu.dk/en/catalog/654edbff20f6e90432e3c532
152,https://findit.dtu.dk/en/catalog/655176c0afb7e00432f5b4a1
153,https://findit.dtu.dk/en/catalog/5c6feba5d9001d01a66d9d98
154,https://findit.dtu.dk/en/catalog/654edbcc4f140f043272049b
155,https://findit.dtu.dk/en/catalog/654edc332debc90432e4d82a
156,https://findit.dtu.dk/en/catalog/654edc3370d40f0432419d62
157,https://findit.dtu.dk/en/catalog/5d823c43d9001d01aa30d849
158,https://findit.dtu.dk/en/catalog/60c1f375d9001d019364d7d9
159,https://findit.dtu.dk/en/catalog/654edc621f72640432419751
160,https://findit.dtu.dk/en/catalog/654edbd096049f0432f8e78f
161,https://findit.dtu.dk/en/catalog/5cc381ffd9001d62a297ee5c
162,https://findit.dtu.dk/en/catalog/5ced611ad9001d20d96513d4
163,https://findit.dtu.dk/en/catalog/654edbff3c909a0432d8e010
164,https://findit.dtu.dk/en/catalog/5e147c19d9001d018003493e
165,https://findit.dtu.dk/en/catalog/5c6febbbd9001d01a66d9fba
166,https://findit.dtu.dk/en/catalog/654edbcc1cd4e8043270645b
167,https://findit.dtu.dk/en/catalog/5c6febbbd9001d01a66d9fa7
168,https://findit.dtu.dk/en/catalog/654edbd3b07aaa0432fccbf9
169,https://findit.dtu.dk/en/catalog/654edc33ef277104329b36bd
170,https://findit.dtu.dk/en/catalog/654edb91ffde8e04329cb348
171,https://findit.dtu.dk/en/catalog/654edc65e56d0c04328d6825
172,https://findit.dtu.dk/en/catalog/655024a202bf6104323fd93e
173,https://findit.dtu.dk/en/catalog/65502521cb79160432a92ebc
174,https://findit.dtu.dk/en/catalog/5e5898e6d9001d03f100b687
175,https://findit.dtu.dk/en/catalog/654edc33b7fa9704327e1ebb
176,https://findit.dtu.dk/en/catalog/654edc6934931904328cdb11
177,https://findit.dtu.dk/en/catalog/654edbd368be0904323a63cc
178,https://findit.dtu.dk/en/catalog/654edbffee082b0432cb8dfc
179,https://findit.dtu.dk/en/catalog/65502510897ea30432c314f3
180,https://findit.dtu.dk/en/catalog/654edc31b824770432aaefdf
181,https://findit.dtu.dk/en/catalog/5c6feba0d9001d01a66d9d51
182,https://findit.dtu.dk/en/catalog/654edbd08879fd043223174d
183,https://findit.dtu.dk/en/catalog/60bf5055d9001d019c3bbf1c
184,https://findit.dtu.dk/en/catalog/654edc2474a8be0432dcf272
185,https://findit.dtu.dk/en/catalog/654edbffde19000432fe0b39
186,https://findit.dtu.dk/en/catalog/5c6febabd9001d01a66d9e7a
187,https://findit.dtu.dk/en/catalog/5ef336d4d9001d01932df2c4
188,https://findit.dtu.dk/en/catalog/655025213a94020432ad0dad
189,https://findit.dtu.dk/en/catalog/5c6febd3d9001d01a66da196
190,https://findit.dtu.dk/en/catalog/654edc6576249d0432ae44d8
191,https://findit.dtu.dk/en/catalog/654edb9168334b0432a6208b
192,https://findit.dtu.dk/en/catalog/654edc69c0df2a0432e10528
193,https://findit.dtu.dk/en/catalog/654edc33e471b0043262d913
194,https://findit.dtu.dk/en/catalog/6023cdcdd9001d019239fb0f
195,https://findit.dtu.dk/en/catalog/654edc3151f96e04324a20cb
196,https://findit.dtu.dk/en/catalog/654edc0936cd5004326d5afe
197,https://findit.dtu.dk/en/catalog/60bf5055d9001d019c3bbf29
198,https://findit.dtu.dk/en/catalog/654edc248b2cfe04329d3f8d
199,https://findit.dtu.dk/en/catalog/654edbcc64e386043268c04e
200,https://findit.dtu.dk/en/catalog/5a96a0b05010df725c2e5cd5
201,https://findit.dtu.dk/en/catalog/5c6febbbd9001d01a66d9fb4
202,https://findit.dtu.dk/en/catalog/654edbcc4c0a120432689247
203,https://findit.dtu.dk/en/catalog/5c6febbbd9001d01a66d9fc6
204,https://findit.dtu.dk/en/catalog/65502521ffcc7c043290160c
205,https://findit.dtu.dk/en/catalog/65502521c5837e0432f59027
206,https://findit.dtu.dk/en/catalog/654edb83b9d8830432a61e93
207,https://findit.dtu.dk/en/catalog/654edc65135703043281673d
208,https://findit.dtu.dk/en/catalog/5c6febbbd9001d01a66d9fc8
209,https://findit.dtu.dk/en/catalog/5ac773375010df6474732d56
210,https://findit.dtu.dk/en/catalog/5c713f3cd9001d01a670d44d
211,https://findit.dtu.dk/en/catalog/6183cec3d9001d014713283c
212,https://findit.dtu.dk/en/catalog/655176c85e0dff043257f291
213,https://findit.dtu.dk/en/catalog/65502521b0d41f043205605f
214,https://findit.dtu.dk/en/catalog/655176bd53561d043213f5de
215,https://findit.dtu.dk/en/catalog/654edc334bbbea0432af7e4b
216,https://findit.dtu.dk/en/catalog/655176c6a1e86304322eb39c
217,https://findit.dtu.dk/en/catalog/654edbff83c08b04323e5eca
218,https://findit.dtu.dk/en/catalog/65502521ba5ead0432ea6bd2
219,https://findit.dtu.dk/en/catalog/655025215e585e04328dfb94
220,https://findit.dtu.dk/en/catalog/5d974b6ed9001d297b618d39
221,https://findit.dtu.dk/en/catalog/655025219da1af0432b2d63b
222,https://findit.dtu.dk/en/catalog/655176c6d65f97043240eab6
223,https://findit.dtu.dk/en/catalog/654edc24a94c250432222cc9
224,https://findit.dtu.dk/en/catalog/654edb835629810432e34b22
225,https://findit.dtu.dk/en/catalog/5bf662c2d9001d03c65e2694
226,https://findit.dtu.dk/en/catalog/654edb9182265704325179fd
227,https://findit.dtu.dk/en/catalog/6550253388a29b04326028e9
228,https://findit.dtu.dk/en/catalog/6550252163195104323a057e
229,https://findit.dtu.dk/en/catalog/654edaaccd5446043207cd56
230,https://findit.dtu.dk/en/catalog/5c713f3cd9001d01a670d458
231,https://findit.dtu.dk/en/catalog/654edbcc61e88d0432eb767b
232,https://findit.dtu.dk/en/catalog/655025339292f60432f44e60
233,https://findit.dtu.dk/en/catalog/5f215b65d9001d01950c552c
234,https://findit.dtu.dk/en/catalog/654edb83ceb571043233ba7d
235,https://findit.dtu.dk/en/catalog/5c6febd3d9001d01a66da19a
236,https://findit.dtu.dk/en/catalog/65502533dbb52104324c7943
237,https://findit.dtu.dk/en/catalog/654edb830ec5bc04325b7f4e
238,https://findit.dtu.dk/en/catalog/654edb91bd8ab90432310938
239,https://findit.dtu.dk/en/catalog/65502521268db20432b9b06b
240,https://findit.dtu.dk/en/catalog/65502521f7d4710432bfd546
241,https://findit.dtu.dk/en/catalog/654edc31770f1904329f823b
242,https://findit.dtu.dk/en/catalog/6550252139bc1a0432c0910e
243,https://findit.dtu.dk/en/catalog/654edc336159f504325a3625
244,https://findit.dtu.dk/en/catalog/654edc338777f10432be2fd0
245,https://findit.dtu.dk/en/catalog/654edc3cd71c6b043242e219
246,https://findit.dtu.dk/en/catalog/5cedbd4cd9001d283f43acca
247,https://findit.dtu.dk/en/catalog/655176c86933c804325f1553
248,https://findit.dtu.dk/en/catalog/654edbcc78e8700432caebc0
249,https://findit.dtu.dk/en/catalog/60c1f370d9001d019364d7a3
250,https://findit.dtu.dk/en/catalog/654edbd30ea37f043294b98b
251,https://findit.dtu.dk/en/catalog/655176c4a8818d04321a7dfc
252,https://findit.dtu.dk/en/catalog/5c6febd3d9001d01a66da19e
253,https://findit.dtu.dk/en/catalog/5d04f0f1d9001d394c34007d
254,https://findit.dtu.dk/en/catalog/654edbd0f8131404327be6ed
255,https://findit.dtu.dk/en/catalog/5c6febbbd9001d01a66d9fc0
256,https://findit.dtu.dk/en/catalog/654edb9180a0ce043272ae62
257,https://findit.dtu.dk/en/catalog/655025215403f504324d9068
258,https://findit.dtu.dk/en/catalog/6113b6acd9001d01ac2dcfd9
259,https://findit.dtu.dk/en/catalog/654edbd02ecfcd0432753a0b
260,https://findit.dtu.dk/en/catalog/654edc3397a4b60432001197
261,https://findit.dtu.dk/en/catalog/655025217cd9770432e41fb9
262,https://findit.dtu.dk/en/catalog/654edc65f59adb043295c9be
263,https://findit.dtu.dk/en/catalog/5c6febbbd9001d01a66d9fac
264,https://findit.dtu.dk/en/catalog/5c6febbbd9001d01a66d9fb5
265,https://findit.dtu.dk/en/catalog/5c6febbbd9001d01a66d9fbb
266,https://findit.dtu.dk/en/catalog/655025215fad7704320c0138
267,https://findit.dtu.dk/en/catalog/654edbd0db95e8043249026d
268,https://findit.dtu.dk/en/catalog/654edaaca7d7880432a7a14b
269,https://findit.dtu.dk/en/catalog/5c6febd3d9001d01a66da1a2
270,https://findit.dtu.dk/en/catalog/654edbd0edf97a0432e365fa
271,https://findit.dtu.dk/en/catalog/654edbf110678e0432df231d
272,https://findit.dtu.dk/en/catalog/655176cac99b5904321da698
273,https://findit.dtu.dk/en/catalog/5c6febd3d9001d01a66da1a1
274,https://findit.dtu.dk/en/catalog/654edbd47e673b043216383b
275,https://findit.dtu.dk/en/catalog/654edc0c91a1a904322f3213
276,https://findit.dtu.dk/en/catalog/654edb947d89200432d22640
277,https://findit.dtu.dk/en/catalog/654edaac224d34043283bafc
278,https://findit.dtu.dk/en/catalog/566c0c56ca81ef5c780084d5
279,https://findit.dtu.dk/en/catalog/654edbffb6848b04321193ea
280,https://findit.dtu.dk/en/catalog/65502513c259930432d24851
281,https://findit.dtu.dk/en/catalog/654edc0cb32f23043288e5a1
282,https://findit.dtu.dk/en/catalog/654edc335e09680432551f35
283,https://findit.dtu.dk/en/catalog/654edb91b2d2b004329b7223
284,https://findit.dtu.dk/en/catalog/654edc65e20cec04320e3d8f
285,https://findit.dtu.dk/en/catalog/654edc3145e68304320efe9a
286,https://findit.dtu.dk/en/catalog/654edbff2b65ae0432f4b35a
287,https://findit.dtu.dk/en/catalog/655024b96d8dec0432056bd3
288,https://findit.dtu.dk/en/catalog/655025210b4cf40432e798f2
289,https://findit.dtu.dk/en/catalog/615c369cd9001d01fe3ac54b
290,https://findit.dtu.dk/en/catalog/654edbffa8dd2e0432cafa4e
291,https://findit.dtu.dk/en/catalog/65522c27563b2a03d13c9b1d
292,https://findit.dtu.dk/en/catalog/654edc65d03892043262625a
293,https://findit.dtu.dk/en/catalog/654edaecd6c407043239fee4
294,https://findit.dtu.dk/en/catalog/5cf8fb93d9001d01341e4b4c
295,https://findit.dtu.dk/en/catalog/655176c6215d4f0432e869db
296,https://findit.dtu.dk/en/catalog/5eba8563d9001d01a447facd
297,https://findit.dtu.dk/en/catalog/655176c08d3dcd04324b8db7
298,https://findit.dtu.dk/en/catalog/654edb9444dfa00432d0c3bd
299,https://findit.dtu.dk/en/catalog/5cecc161d9001d283b417dc5
300,https://findit.dtu.dk/en/catalog/65502510a507780432656cde
301,https://findit.dtu.dk/en/catalog/654edbccdbcd7e0432ca85af
302,https://findit.dtu.dk/en/catalog/5e588b61d9001d01b14bc66f
303,https://findit.dtu.dk/en/catalog/654edc33de98840432c9ea2f
304,https://findit.dtu.dk/en/catalog/5c6febbbd9001d01a66d9fc2
305,https://findit.dtu.dk/en/catalog/654edbccbea03a0432ef2528
306,https://findit.dtu.dk/en/catalog/655025214a256b0432fcbe7b
307,https://findit.dtu.dk/en/catalog/654edbd4ba24f50432979742
308,https://findit.dtu.dk/en/catalog/654edbcfe0491204322c8134
309,https://findit.dtu.dk/en/catalog/5c6febbbd9001d01a66d9fb0
310,https://findit.dtu.dk/en/catalog/655024a8cb34780432af0454
311,https://findit.dtu.dk/en/catalog/5c6febd3d9001d01a66da1a3
312,https://findit.dtu.dk/en/catalog/654edbcc6571640432c38b43
313,https://findit.dtu.dk/en/catalog/654edc334f5cf4043262076c
314,https://findit.dtu.dk/en/catalog/65502521da4f370432f1eea2
315,https://findit.dtu.dk/en/catalog/5c6febbbd9001d01a66d9fa8
316,https://findit.dtu.dk/en/catalog/654edbd0925d130432eae100
317,https://findit.dtu.dk/en/catalog/6550249fcab63d04320cf6bd
318,https://findit.dtu.dk/en/catalog/65502521482d74043238e540
319,https://findit.dtu.dk/en/catalog/654edc31be144a043205f7f9
320,https://findit.dtu.dk/en/catalog/654edc337deb6204324691c4
321,https://findit.dtu.dk/en/catalog/6550253350eb7f0432f2c860
322,https://findit.dtu.dk/en/catalog/5e58e274d9001d03f52ad00a
323,https://findit.dtu.dk/en/catalog/654edc6528434404322122d9
324,https://findit.dtu.dk/en/catalog/5c6feba5d9001d01a66d9d7f
325,https://findit.dtu.dk/en/catalog/654edc33c1824a0432b01e96
326,https://findit.dtu.dk/en/catalog/654edc337e22270432b86153
327,https://findit.dtu.dk/en/catalog/655024a288ab060432d7aa6f
328,https://findit.dtu.dk/en/catalog/65502521e100b5043223651e
329,https://findit.dtu.dk/en/catalog/654edb91cb5fdd04320820e5
330,https://findit.dtu.dk/en/catalog/655024a2b57c2a0432dd43d1
331,https://findit.dtu.dk/en/catalog/654edc314be06004323165a0
332,https://findit.dtu.dk/en/catalog/654edc3320dcaa0432549a2b
333,https://findit.dtu.dk/en/catalog/654edc65dacb1a0432957946
334,https://findit.dtu.dk/en/catalog/5ced5336d9001d283a5d6eca
335,https://findit.dtu.dk/en/catalog/655024a8afd68a04326e4047
336,https://findit.dtu.dk/en/catalog/5c713f3cd9001d01a670d453
337,https://findit.dtu.dk/en/catalog/6550252106eb610432bf3dfb
338,https://findit.dtu.dk/en/catalog/654edb9182f3b604326a633f
339,https://findit.dtu.dk/en/catalog/655024a8d8d3cd0432cae1a9
340,https://findit.dtu.dk/en/catalog/5e147c19d9001d0180034948
341,https://findit.dtu.dk/en/catalog/654edc65d9215b0432d802fd
342,https://findit.dtu.dk/en/catalog/5c6febbbd9001d01a66d9fa9
343,https://findit.dtu.dk/en/catalog/654edc31115bfc04321e2e01
344,https://findit.dtu.dk/en/catalog/5c713f3cd9001d01a670d450
345,https://findit.dtu.dk/en/catalog/5c6febd3d9001d01a66da1a4
346,https://findit.dtu.dk/en/catalog/654edc0ca2cf4d0432afcca1
347,https://findit.dtu.dk/en/catalog/655025218dd5a004321463a6
348,https://findit.dtu.dk/en/catalog/654edc0c312f58043208efcb
349,https://findit.dtu.dk/en/catalog/5d6f9bbcd9001d67133b150b
350,https://findit.dtu.dk/en/catalog/5c6febbbd9001d01a66d9faa
351,https://findit.dtu.dk/en/catalog/654edaac7e16c90432cb783b
352,https://findit.dtu.dk/en/catalog/654edbd424748004320e3efc
353,https://findit.dtu.dk/en/catalog/6550252927f52504321d170e
354,https://findit.dtu.dk/en/catalog/654edbd0239ebb043202b51e
355,https://findit.dtu.dk/en/catalog/60c1f375d9001d019364d7cd
356,https://findit.dtu.dk/en/catalog/5c6febbbd9001d01a66d9fa6
357,https://findit.dtu.dk/en/catalog/655176c49bea1904322640a4
358,https://findit.dtu.dk/en/catalog/65528089f43b1203d1fb2fbe
359,https://findit.dtu.dk/en/catalog/654edb918443ba043250c721
360,https://findit.dtu.dk/en/catalog/654edc242dff1e043204177e
361,https://findit.dtu.dk/en/catalog/655024a8cbea14043208aaf7
362,https://findit.dtu.dk/en/catalog/5a840b125010df3b8410b0fe
363,https://findit.dtu.dk/en/catalog/65502521a3cee30432eb44e3
364,https://findit.dtu.dk/en/catalog/5c6febd3d9001d01a66da1a8
365,https://findit.dtu.dk/en/catalog/5c6febd3d9001d01a66da19d
366,https://findit.dtu.dk/en/catalog/65502521a892c80432d24fc7
367,https://findit.dtu.dk/en/catalog/654edb91775eb8043224180d
368,https://findit.dtu.dk/en/catalog/5c6febbbd9001d01a66d9fad
369,https://findit.dtu.dk/en/catalog/65502521d3ff440432789c07
370,https://findit.dtu.dk/en/catalog/5c10fc79d9001d019d6c6567
371,https://findit.dtu.dk/en/catalog/655176c965b6e90432052f97
372,https://findit.dtu.dk/en/catalog/5c6febbbd9001d01a66d9fc4
373,https://findit.dtu.dk/en/catalog/5c6fe9f0d9001d01a66d71c7
374,https://findit.dtu.dk/en/catalog/654edc659e74c3043259dadc
375,https://findit.dtu.dk/en/catalog/6177e3b2d9001d019157006f
376,https://findit.dtu.dk/en/catalog/654edc33b4dafc0432d4d22d
377,https://findit.dtu.dk/en/catalog/65502513feabcf0432a29fb8
378,https://findit.dtu.dk/en/catalog/655176ca0ad85e0432de7180
379,https://findit.dtu.dk/en/catalog/5e1c5daed9001d0126698b55
380,https://findit.dtu.dk/en/catalog/655025212b695f04322210f6
381,https://findit.dtu.dk/en/catalog/65502516dcb29b0432a3bb39
382,https://findit.dtu.dk/en/catalog/654edc6546b37e0432240232
383,https://findit.dtu.dk/en/catalog/654edb8337966304322af576
384,https://findit.dtu.dk/en/catalog/654edbd0a557b804329cba7f
385,https://findit.dtu.dk/en/catalog/654edb83c520a5043235f7da
386,https://findit.dtu.dk/en/catalog/65502521e441de0432e1021f
387,https://findit.dtu.dk/en/catalog/654edbcc58f056043277e846
388,https://findit.dtu.dk/en/catalog/654edbfff5260604326b9d2a
389,https://findit.dtu.dk/en/catalog/60bf5055d9001d019c3bbf1d
390,https://findit.dtu.dk/en/catalog/6550251602e22f0432822e04
391,https://findit.dtu.dk/en/catalog/6183cec3d9001d0147132867
392,https://findit.dtu.dk/en/catalog/5ced7d0ad9001d283d02fb96
393,https://findit.dtu.dk/en/catalog/61013b1ad9001d018f1c399d
394,https://findit.dtu.dk/en/catalog/5c504363d9001d018e06e603
395,https://findit.dtu.dk/en/catalog/655024a86d143f043279ebd4
396,https://findit.dtu.dk/en/catalog/654edaec8193590432846ea7
397,https://findit.dtu.dk/en/catalog/655025215f61430432c44dca
398,https://findit.dtu.dk/en/catalog/654edc3336abea0432e2eadf
399,https://findit.dtu.dk/en/catalog/654edc2450967c0432a603cd
400,https://findit.dtu.dk/en/catalog/654edbd47c265b0432675ccb
401,https://findit.dtu.dk/en/catalog/60c1f370d9001d019364d7a7
402,https://findit.dtu.dk/en/catalog/654edbcc30000404324d2177
403,https://findit.dtu.dk/en/catalog/5c713f3cd9001d01a670d45a
404,https://findit.dtu.dk/en/catalog/65502521436d7a0432b67377
405,https://findit.dtu.dk/en/catalog/654edc33f1a147043272e874
406,https://findit.dtu.dk/en/catalog/654edb911e52d304327a433d
407,https://findit.dtu.dk/en/catalog/60bf5055d9001d019c3bbf36
408,https://findit.dtu.dk/en/catalog/6258108146c1a911462e99ea
409,https://findit.dtu.dk/en/catalog/654edb91e24f4404327ca2fe
410,https://findit.dtu.dk/en/catalog/6550252168b4f10432c4e860
411,https://findit.dtu.dk/en/catalog/654edbd0a2de4a043240512b
412,https://findit.dtu.dk/en/catalog/654edc31c2a287043237f2d2
413,https://findit.dtu.dk/en/catalog/616f36afd9001d0191552898
414,https://findit.dtu.dk/en/catalog/654edc6909677c0432de5c34
415,https://findit.dtu.dk/en/catalog/654edc33e0878e0432df5d4d
416,https://findit.dtu.dk/en/catalog/654edc651fc6590432f544b7
417,https://findit.dtu.dk/en/catalog/654edc31b61ae1043225f4a0
418,https://findit.dtu.dk/en/catalog/654f05a8470a16043c848c17
419,https://findit.dtu.dk/en/catalog/6550251046340804329a6ce9
420,https://findit.dtu.dk/en/catalog/5ee0c2fdd9001d04146586c8
421,https://findit.dtu.dk/en/catalog/654edaacb7be10043266225b
422,https://findit.dtu.dk/en/catalog/65502521d58d230432828b33
423,https://findit.dtu.dk/en/catalog/654edb544728ae04325ee76d
424,https://findit.dtu.dk/en/catalog/655025291f6b470432fea071
425,https://findit.dtu.dk/en/catalog/654edb83f019ac0432b4aed9
426,https://findit.dtu.dk/en/catalog/5e589125d9001d03f3412b91
427,https://findit.dtu.dk/en/catalog/654edbccdcd8d50432b84772
428,https://findit.dtu.dk/en/catalog/654edaacb09a9b0432b15906
429,https://findit.dtu.dk/en/catalog/654edaacb281510432ad4091
430,https://findit.dtu.dk/en/catalog/65502521fdb2b60432e28bb9
431,https://findit.dtu.dk/en/catalog/65502521cbbace043232b86b
432,https://findit.dtu.dk/en/catalog/654edb91335a520432a4fa27
433,https://findit.dtu.dk/en/catalog/65502529402f720432271209
434,https://findit.dtu.dk/en/catalog/654edbd37e58f104326eb696
435,https://findit.dtu.dk/en/catalog/6012aed9d9001d01a040391f
436,https://findit.dtu.dk/en/catalog/654edb949ccb840432aee37c
437,https://findit.dtu.dk/en/catalog/654edbe8a22b7404323336de
438,https://findit.dtu.dk/en/catalog/654edc0c4967a0043287e077
439,https://findit.dtu.dk/en/catalog/5d3c32eed9001d01b0649205
440,https://findit.dtu.dk/en/catalog/655176c8063d5504329cadd0
441,https://findit.dtu.dk/en/catalog/655024a80b6672043215c4c6
442,https://findit.dtu.dk/en/catalog/5c713f3cd9001d01a670d451
443,https://findit.dtu.dk/en/catalog/5c6febbbd9001d01a66d9fc1
444,https://findit.dtu.dk/en/catalog/65502472c898bb04325f0fd1
445,https://findit.dtu.dk/en/catalog/654edbffdd92d304322ec8e3
446,https://findit.dtu.dk/en/catalog/654ee6d5928473043c713655
447,https://findit.dtu.dk/en/catalog/655024a88d304b043250c9ba
448,https://findit.dtu.dk/en/catalog/5ced99c3d9001d20d9654955
449,https://findit.dtu.dk/en/catalog/655176c0dd5fc804327bc0dc
450,https://findit.dtu.dk/en/catalog/655024a81bca4c043264e049
451,https://findit.dtu.dk/en/catalog/654edb54222f4c0432178557
452,https://findit.dtu.dk/en/catalog/654edaecdb7599043212e671
453,https://findit.dtu.dk/en/catalog/5c6febd3d9001d01a66da1a0
454,https://findit.dtu.dk/en/catalog/5af81cff5010df0255006f09
455,https://findit.dtu.dk/en/catalog/654edb94061275043252c578
456,https://findit.dtu.dk/en/catalog/655024a8e0341f0432f31bc2
457,https://findit.dtu.dk/en/catalog/65502521483a4a043288b74a
458,https://findit.dtu.dk/en/catalog/654edc0c071fd70432ba57a6
459,https://findit.dtu.dk/en/catalog/654f051d6c5085043caed5c3
460,https://findit.dtu.dk/en/catalog/654edaac89f7b7043286247b
461,https://findit.dtu.dk/en/catalog/654edbcf2b2a630432241a79
462,https://findit.dtu.dk/en/catalog/655024b9a957270432c52c8f
463,https://findit.dtu.dk/en/catalog/5e583398d9001d01b14b90b0
464,https://findit.dtu.dk/en/catalog/65502521481f4104323f83b7
465,https://findit.dtu.dk/en/catalog/655176c0c9afaf0432f4471b
466,https://findit.dtu.dk/en/catalog/654edc65f0fbbe0432e1adc5
467,https://findit.dtu.dk/en/catalog/5c2b5c93d9001d01910e6c63
468,https://findit.dtu.dk/en/catalog/654edbffd9d7b10432f44a50
469,https://findit.dtu.dk/en/catalog/5d89fa66d9001d0195129145
470,https://findit.dtu.dk/en/catalog/5e592846d9001d01ae4d89b0
471,https://findit.dtu.dk/en/catalog/654edc31a2b0c6043208ccd8
472,https://findit.dtu.dk/en/catalog/654edc65a0fc6f04324ddab2
473,https://findit.dtu.dk/en/catalog/61cef3b17fbced110fc9f1b4
474,https://findit.dtu.dk/en/catalog/654edc336a0d030432f2d03b
475,https://findit.dtu.dk/en/catalog/654edc3389ca4e0432767d05
476,https://findit.dtu.dk/en/catalog/5cbf672cd9001d62a2214235
477,https://findit.dtu.dk/en/catalog/655176c67f4e340432f2b8bd
478,https://findit.dtu.dk/en/catalog/655176c6a06b970432be12c6
479,https://findit.dtu.dk/en/catalog/655024a2fbe340043283bddd
480,https://findit.dtu.dk/en/catalog/6183cec4d9001d0147132879
481,https://findit.dtu.dk/en/catalog/655025138a539d043279f048
482,https://findit.dtu.dk/en/catalog/654edbd01669ac0432c0fd12
483,https://findit.dtu.dk/en/catalog/655176c6a18ab504320c5b98
484,https://findit.dtu.dk/en/catalog/6550249f58494d0432faab3a
485,https://findit.dtu.dk/en/catalog/654edae6a8cce9043279cd63
486,https://findit.dtu.dk/en/catalog/654edbd04e69e104327e8b1b
487,https://findit.dtu.dk/en/catalog/654edbcc3f779d0432df9638
488,https://findit.dtu.dk/en/catalog/5c6febbbd9001d01a66d9fbf
489,https://findit.dtu.dk/en/catalog/655176ca07e2de0432741040
490,https://findit.dtu.dk/en/catalog/654edbccab59200432e63aec
491,https://findit.dtu.dk/en/catalog/655024a22a6d0404329309dd
492,https://findit.dtu.dk/en/catalog/654edb9138d01104324912ed
493,https://findit.dtu.dk/en/catalog/5b2c32955010df02465d60ca
494,https://findit.dtu.dk/en/catalog/5d04f060d9001d394c338105
495,https://findit.dtu.dk/en/catalog/654edb8352b30004326bc878
496,https://findit.dtu.dk/en/catalog/5c713f3cd9001d01a670d456
497,https://findit.dtu.dk/en/catalog/654edaac47dc79043205f9cf
498,https://findit.dtu.dk/en/catalog/654edc659d67db0432f6f8b9
499,https://findit.dtu.dk/en/catalog/654edc31148d3c04329c2402
500,https://findit.dtu.dk/en/catalog/655176c687e91a043212bf92
