08cf8029;risk hiv follow diagnosi syphili gonorrhoea chlamydia women florida
724ee3e2;biomechan analysi handl stabil maximum push pull exert
42aac27f;perceiv everyday discrimin psycholog distress doe social support matter
203cdc89;alcohol rel riski behavior pattern associ alcohol use perceiv alcohol stigma moshi tanzania
b7484814;discontinu intraven oxytocin activ phase induc labour
7a815323;membran integr intracellular transport coronaviru glycoprotein e class iii membran glycoprotein
501c5c8e;proxim esophag stenosi head neck cancer patient total laryngectomi radiat
19c8ffe5;object bayesian analysi count experi correl sourc background
593ba0d1;oxid stress ubiquitin proteolyt age rel macular degener
49471d1f;real tim pcr analysi hiv replic post entri event
eaf1ee0f;molecular base methamphetamine induc neurodegener
c48813e6;glucos transport parasit protozoa
5c8a2238;system approach phagocyt product activ neutrophil monocyt
bcd0a418;physic emot interperson impact haart explor realiti hiv seroposit individu combin therapi
781acc37;pattern alcohol consumpt sexual behavior young adult nightclub
fa08a094;cardiac genet test single cent pilot studi dominican popul
38590b2b;explain disproportion high rate advers birth outcom african american impact stress racism relat factor pregnanc
272b9697;alter cytoplasmic to nuclear ratio survivin prognost indic breast cancer
f1223acb;chang face long term care look past decad
86b5bdf2;autom quantit assess her neu immunohistochem express breast cancer
