58618;explain social reintegr ex combat arm conflict community level program reintegr ex combat societi base theori particip ex combat commun promot reconcili minim recidiv illeg activ evalu commun security rel opportun constraint social reintegr use survey ex combat colombia ex combat participatori commun tend easier time social reintegr feel need organ themselv find suggest help ex combat reintegr process work improv social vibranc receptor commun
57939;june illinoi depart public health idph contact cdc concern covid outbreak event sponsor organ day overnight church camp person age year day men s confer covid vaccin covid test requir event august total confirm probabl case identifi attende event close contact case associ camp confer primari case person fulli vaccin close contact close contact subsequ infect sars cov viru caus covid secondari case close contact secondari case half four fulli vaccin total person outbreak associ case hospit death occur vaccin person case hospit approxim person state expos sars cov attend event close contact person primari case investig underscor impact secondari sars cov transmiss larg event camp confer covid prevent strategi implement lo angel counti california juli sars cov b delta variant predomin unvaccin resid time like infect time like hospit infect vaccin resid implement multipl prevent strategi includ vaccin nonpharmaceut intervent mask physic distanc screen test critic prevent sars cov transmiss complic covid
57836;uniqu type rna circular rna circrna import regul multipl biolog process progress cancer howev potenti role circrna breast cancer lung metastasi unknown studi character investig circiqch hsa circ analyz circrna microarray profil previou studi circiqch upregul breast cancer tissu especi metastat site cck transwel wound heal mous xenograft assay carri investig function circiqch knockdown circiqch inhibit breast cancer cell prolifer migrat lung moreov luciferas report assay rna immunoprecipit assay perform elucid underli molecular mechan circiqch result show circiqch spong mir promot breast cancer progress upregul dnmt a summari studi demonstr pivot role circiqch mir dnmt a axi breast cancer growth metastasi mechan compet endogen rna thu circiqch potenti therapeut target breast cancer
58172;time tug test use assess person s mobil balanc aim provid updat refer valu tug perform community dwel older popul accord age sex accord presenc arthriti non communic diseas ncd cross sect data seventh wave population bas norwegian tromsø studi count community dwel peopl women age year use refer valu present percentil mean men women age five year interv median tug score stabl age year age year median tug score increas significantli age increas sec year higher age men women p youngest age year men women differ tug perform ncd arthriti compar diseas age howev diseas perform significantli better p men women present studi provid percentil refer valu tug perform community dwel older adult norway age sex subgroup have arthriti ncd tug score increas age perform significantli poorer particip arthriti ncd age year find guid clinic intervent individu mobil balanc disabl
58870;previou research area level incom inequ individual level rel depriv contribut disord gambl adult howev socioeconom factor contribut disord gambl youth protect factor social environ fulli explor studi examin associ rel depriv youth disord gambl potenti moder role social support associ use data famili materi asset self report symptom disord gambl symptom particip italian health behaviour school ag children studi rel depriv measur use yitzhaki index classmat social refer group associ disord gambl test use multilevel neg binomi regress analys test moder effect rel depriv disord gambl sourc social support famili peer teacher classmat rel depriv relat fourfold increas rate disord gambl symptom incid rate ratio differ absolut famili wealth variabl statist control symptom preval male first gener immigr support youth peer support moder associ rel depriv symptom suggest high depriv low peer support interact link disord gambl rel depriv classmat relat youth symptom disord gambl youth live econom unequ set perceiv lack social support greatest risk
59064;anisomycin known inhibit eukaryot protein synthesi establish antibiot anticanc drug howev molecular target anisomycin mechan action explain macrophag here demonstr anti inflammatori effect anisomycin vivo vitro anisomycin decreas mortal rate macrophag cecal ligat punctur clp lipopolysaccharid lp induc acut sepsi declin gene express proinflammatori mediat induc nitric oxid synthas tumor necrosi factor α interleukin β nitric oxid proinflammatori cytokin product macrophag subject lps induc acut sepsi furthermor anisomycin attenu nuclear factor nf κb activ lps induc macrophag correl inhibit phosphoryl nf κb induc kinas iκb kinas phosphoryl iκbα proteolyt degrad nf κb p subunit nuclear transloc result suggest anisomycin prevent acut inflamm inhibit nf κb relat inflammatori gene express potenti therapeut candid sepsi
59849;pd l checkpoint blockad revolution cancer therapi biomark capabl predict patient like respond highli desir detect pd l protein express immunohistochemistri enrich respons anti pd l blockad varieti tumor type absolut limit current commerci pd l immunohistochem ihc assay improv anticip next gener pd l test review assess tumor infiltr lymphocyt conjunct pd l test improv specif distinguish adapt interferon γ driven cytotox t lymphocyt associ constitut non immun mediat express presenc high tumor mutat burden enrich respons therapi earli data indic provid addit predict valu pd l ihc alon candid biomark continu emerg pathologist s assess tumor microenviron hematoxylin eosin stain combin pd l ihc remain rapid robust way evalu tumor immun dynam
58357;object shift work risk factor chronic diseas physic inact influenc associ examin intra individu chang work time characterist associ chang physic inact examin risk factor physic inact shift worker year longitudin studi cohort method studi particip employe finnish public sector work schedul inform base questionnair respons addit register bas work time characterist employe associ work time characterist physic inact examin use fixed effect logist model investig risk factor physic inact shift worker odd ratio or worktim control have small children calcul result compar day work shift work night shift associ physic inact men or confid interv ci shift work night shift neg associ physic inact women or ci register bas work time data confirm worker higher percentag night shift lower risk physic inact have small children associ physic inact shift worker or ci conclus survey object work hour data reveal worker have work schedul night shift like physic activ have small children risk factor physic inact shift worker
59654;usa state adopt respons intervent multi ti system support provid earli intervent howev consider variabl state school implement rti teacher respons use student data rti inform instruct decis student risk dyslexia necessari understand knowledg structur rti individu school studi review result exploratori factor analysi survey aim measur teacher knowledg rti implement understand rti implement school item survey administ onlin gener special educ teacher final factor factor analyt work teacher knowledg tier implement teacher knowledg leadership school system teacher knowledg data bas decis make factor determinaci score demonstr survey high intern consist averag teacher survey score higher factor slightli lower factor implic find teacher student learn disabl includ dyslexia direct futur research discuss
59942;earli metastasi delay diagnosi lung cancer lead caus cancer rel death common metastasi site brain bone lung adren gland liver extra thorac lymph node soft tissu skelet muscl skin subcutan tissu undermin articl aim report case asymptomat radial extensor muscl metastasi gener lung adenocarcinoma diagnos ultrasound guid fine needl aspir biopsi fnab
57961;cognit load theori clt appli known human cognit architectur studi learn instruct gener insight characterist condit effect instruct learn recent develop clt suggest human motor play import role cognit learn howev unclear model work memori wm typic espous clt research reconcil novel find instanc often cit wm model envis separ inform process systems such baddeley hitch s multicompon model wm a mean interpret modality specif find possibl interact human motor remain under explain articl examin viabil model theoret integr recent research find regard human motor system abil explain establish clt effect find argu import explor altern model wm focu singl integr control attent appli visual phonolog embodi sensori nonsensori inform integr model better account individu differ experi expertis and parsimoni explain recent histor clt find domain advanc aim propos integr model wm envis common finit attent resourc distribut multipl modal attent mobil distribut domain interdepend co reinforc ever chang base learner prior experi immedi cognit demand consequ distribut attent focu wm resourc vari individu task depend natur specif task perform neurolog development experienti abil individu current avail intern extern cognit resourc
58950;current review conduct identifi self report questionnair function health statu fh and or health rel quality of lif hr qol adult popul dysphonia voic problem evalu psychometr properti retriev questionnair systemat review perform electron literatur databas pubm embas psychometr properti questionnair determin use consensus bas standard select health measur instrument cosmin taxonomi checklist respons outsid scope review agre gold standard measur avail field fh hr qol dysphonia criterion valid assess questionnair develop publish english includ forty eight studi report psychometr properti identifi questionnair psychometr data miss result bias studi design statist analys preliminari conclus drawn base current avail psychometr evid literatur voic handicap index promis questionnair follow vocal perform questionnair research need complet miss data psychometr properti exist questionnair fh and or hr qol further develop new questionnair use item respons theori prefer classic test theori intern consensus bas psychometr definit criteria avoid bia outcom data measur properti
58060;articl consid approach choic method appli lay repair materi restor bulk structur concret comparison method appli lay repair materi above wat zone submerg zone variable level zone area judici use method appli lay repair materi determin substanti result studi perform method propos choos method appli lay repair materi restor bulk structur hydro techn facil concret
58804;use standard screen tool increas accuraci earli identif autism american academi pediatr recommend systemat development screen month well child visit wcv autism specif screen month wcv studi object examin extent guidelin adopt practic primari care provid pcp identifi potenti provider level factor associ screen practic particip includ pcp pediatrician state enrol studi autism train program self report chart review data collect train examin screen practic assess chart review month wcv day window sixty four percent pcp administ development screen tool month wcv month wcv fifty on percent administ autism screen tool month wcv month wcv screen practic vari provid type pediatrician vs pcp self efficaci screen identif previou autism train autism screen onli year experi overal gener development autism specif screen consist administ recommend wcv primari care practic provid self efficaci autism identif screen previou autism train associ increas autism screen such result suggest need increas train dissemin inform screen implement practic pcp
58811;accumul volatil phenol glycoconjug smoke expos grape monitor follow grapevin exposur smoke differ glycoconjug profil observ fruit sampl day smoke exposur matur foliar applic kaolin reduc concentr volatil phenol glycoconjug smoke expos fruit efficaci depend rate applic extent coverag smoke taint wine grape expos smoke bushfir prescrib burn character objection smoki ashi aroma flavor attribut presenc smoke deriv volatil phenol free glycoconjug form studi investig accumul volatil phenol glycoconjug grape follow applic smoke sauvignon blanc chardonnay merlot grapevin approxim day post veraison potenti mitig smoke taint consequ foliar applic kaolin a clay bas protect film prior grapevin smoke exposur variet differ observ glycoconjug profil smoke expos grape highest glycoconjug level merlot grape pentose glucosid guaiacol cresol phenol gentiobiosid guaiacol syringol chang volatil phenol glycoconjug profil observ time i e fruit sampl day smoke exposur matur applic kaolin did significantli affect glycoconjug profil sauvignon blanc chardonnay grape significantli lower volatil phenol glycoconjug level observ merlot fruit treat kaolin prior smoke exposur potenti control smoke expos grape differenti measur spectral reflect demonstr
58674;estim socioeconom mortal dispar germani exist trend dispar unknown studi examin mortal trend socioeconom group late retir german men age abov larg administr data set use estim mortal retir german men group accord working lif biographi data cover year includ million person year million death individu pension entitl serv measur lifetim incom chang total life expect age time decompos effect group specif mortal improv effect composit chang decad studi male mortal declin incom group german region mortal improv rapidli higher statu group social gradient mortal widen distribut pension entitl retir east german men shift substanti downward result impact disadvantag group total mortal increas partli attenu overal improv result demonstr socioeconom depriv substanti effect level mortal postreunif germani east german retire initi profit transit west german pension system subsequ cohort face challeng associ transit market economi result suggest postreunif unemploy statu declin delay effect old ag mortal east germani
59569;background understand relationship hiv sars cov import public health implic object to summar current research covid peopl hiv pwh publish juli method conduct search pubm scopu preprint databas medrxiv biorxiv refer public use key term relev covid covid sars cov coronaviru hiv hiv human immunodefici viru aid acquir immunodefici syndrom summar articl report data opinion sars cov hiv coinfect conclus initi case seri cohort studi increas risk sars cov infect sever covid outcom pwh recent studi signal increas risk sever covid diseas progress set well control hiv increas preval comorbid pwh social determin health unknown conflict find highlight continu need covid relat research pwh address covid diseas cours exacerb exist comorbid disproportion repres pwh
57757;flavopereirin identifi potenti anti canc agent type human cancer studi aim investig anti canc activ flavopereirin oral cancer effect flavopereirin cell viabil human oral cancer cell line bcacd tca evalu mtt assay coloni format assay cell apoptosi cell cycl distribut detect flow cytometri cell invas migrat evalu transwel assay express lasp jak p jak stst p stst stst p stst evalu qrt pcr western blot addit xenograft mous model construct determin anti canc role flavopereirin vivo flavopereirin significantli inhibit cell prolifer invas migrat emt process bcacd tca cell promot cell apoptosi vitro flavopereirin markedli decreas express level p jak p stst p stst increas express level lasp addit downregul lasp significantli increas express level p jak p stat p stat compar si nc bcacd cell moreov flavopereirin decreas tumor weight volum xenograft tumor vivo flavopereirin inhibit progress oral cancer inactiv jak stat signal pathway upregul lasp suggest flavopereirin potenti anti canc agent oral cancer
58551;systemin sy octadecapeptid hormon process amino acid precursor prosystemin ps play central role system activ defens gene tomato respons herbivor pathogen attack howev ps mrna transfer role system defens respons remain unknown creat transgen tomato ps gene tag green fluoresc protein ps gfp use shoot root specif promot constitut promot arabidopsi subcellular local ps sys gfp observ use confoc laser scan microscopi gene transcript determin use quantit real tim pcr arabidopsi ps protein process sy secret shoot root specif express ps gfp arabidopsi graft experi reveal ps mrna move bi direct manner ectop express ps improv arabidopsi resist necrotroph fungu botryti cinerea consist substanti upregul transcript level specif pathogen respons gene result provid novel insight multifacet mechan sy signal transport potenti applic genet engin increas pathogen resist divers plant famili
59535;content summari i introduct ii seed bank decreas popul extinct rate iii seed bank defin effect popul size iv seed bank affect mutat rate v seed bank affect effect recombin rate vi seed bank influenc rate signatur natur select vii conclus acknowledg refer summari long term persist seed bank common tempor bet hedg strategi plant adapt unpredict environ popul genom perspect develop articl suggest seed bank determin plant nucleotid divers decreas rate genet drift effect link select increas mutat input result persist seed bank import factor determin magnitud discrep censu size above ground plant popul genet divers effect known lewontin paradox theoret popul genet predict present test combin genome wid polymorph data ecolog studi dormanc
59668;aberr express apoptot gene associ papillari thyroid carcinoma ptc past howev prognost role util biomark remain poorli understood studi analys ptc patient employ cox ph regress techniqu prognost index model machin learn method elucid relationship overal surviv os ptc patient apoptosi relat gene observ gene anxa tgfbr clu psen tnfrsf a gpx timp lef bnip l show signific associ os ptc patient gene posit correl os patient remain gene neg correl gene use develop risk predict model util classifi patient higher risk death patient good prognosi voting bas model achiev highest perform hr p x c logrank p x perform voting bas model improv significantli use age patient prognost biomark gene achiev hr p c logrank p x develop classif model classifi high risk patient surviv year low risk patient surviv year best model achiev auroc further express pattern prognost gene verifi mrna level show differenti express normal ptc sampl also immunostain result hpa valid find gene use potenti therapeut target ptc identifi potenti drug molecul modul express profil studi briefli reveal key prognost biomark gene apoptot pathway alter express associ ptc progress aggress addit thi risk assess model propos help effici manag ptc patient
57984;standard care advanc non smal cell lung cancer nsclc known driver oncogen immun checkpoint inhibitor ici therapi combin platinum bas chemotherapi patient advanc nsclc brain metastas relat poor prognosi howev effect ici therapi combin platinum bas chemotherapi untreat brain metastas deriv nsclc remain unclear primari endpoint studi intracrani respons rate determin modifi respons evalu criteria solid tumor recist brain metastas mm target lesion elig patient year age older chemotherapy naïv advanc nsclc brain metastasi mm size previous treat patient receiv nivolumab plu ipilimumab intraven combin histology bas platinum doublet chemotherapi two cycl individu known genet driver alter affect egfr alk exclud plan enrol patient year oncolog facil japan prospect studi focu intracrani respons ici therapi combin platinum bas chemotherapi patient untreat brain metastas deriv nsclc studi demonstr intracrani efficaci patient popul regimen potenti new treatment option individu
59049;current context doctor educ student requir develop rang complex academ literaci skill accomplish optim perform academ commun practic led increas research doctor write howev research supervisor contribut doctor write extens purpos studi analyz supervisor perspect doctor write address question a role supervisor attribut write doctor train b type write support supervisor intend provid student c relat role supervisor attribut write type write support supervisor offer student particip supervisor social scienc human divers level expertis use cross sect interpret design collect qualit data use open end survey categori base content analysi establish mile huberman result demonstr supervisor attribut differ role doctor write rang process product ori focus produc appropri academ text gener epistem activ promot commun social signific number supervisor did attribut role write acknowledg write import neglect activ categori write support identifi base type activ supervisor report involv tell student do review edit student text collabor discuss student text result suggest complex relat role supervisor attribut write type write support supervisor abl offer relat appear mediat supervisor awar resourc concern doctor write
59647;studi ghrm practic number thousand howev fail provid chines contextu evid interact effect employe pro environment behavior epeb bridg research gap address organiz practition concern ghrm practic studi explor possibl interact effect green compens gc green train gt core practic ghrm wide employ chines organ simultan epeb draw self determin theori unravel underli mechan introduc employe green self account egsa mediat base cognit disson theori self standard use on lin survey five point likert rate method employe n work chines organ request self rat gc gt egsa direct supervisor invit evalu epeb mediat moder test procedur spss bootstrap approach mplu adopt test mediat moder use separ gc gt posit relat epeb β p β p adopt simultan neg relationship the simpl slope t p exist gc epeb higher level gt egsa partial mediat neg interact bias correct confid interv chines context use simultan high high combin gc gt neg interact engend squeez effect intrins motiv extrins motiv directli impair epeb caus employe cognit disson self standard indirectli weaken epeb reduc egsa paper attempt novelti identifi neg interact gc gt epeb china mediat role egsa addit address organiz practition concern provid import implic decision mak ghrm practic epeb enhanc
59285;barthel index bi wide use assess tool evalu physic perform activ daili live adl associ bi score mortal hospit follow up acut coronari syndrom ac patient remain unclear present studi investig bi score use predictor mortal ac investig ac patient multi cent retrospect evalu acut chest pain reacp studi associ bi score all caus mortal patient ac analyz cox proport hazard model primari endpoint all caus death secondari endpoint cardiac death follow up patient ac enrol patient die median follow up time month patient lower bi higher risk mortal compar higher bi ac patient kaplan mei analysi reveal patient lower bi wors surviv rate patient higher bi p adjust potenti influenc factor multivari cox regress analysi show bi independ associ all caus mortal cardiac mortal respect bi admiss power potenti provid use prognost inform earli risk stratif routin record bi ed visit help decision mak health care plan patient ac
59640;evalu pathogen entomopathogen nematod nativ mexico heterorhabd indica heterorhabd sp steinernema sp m domestica control condit adult concentr a b nematodes ml consid larva concentr appli filter paper wheat bran peat moss substrat evalu analysi varianc show differ adult mortal signific p nematod speci concentr speci howev differ signific p data analyz individu die lt h indica lt h h concentr b respect femal suscept male h indica record highest mortal femal male respect signific differ p record larval mortal h indica induc highest mortal appli peat moss result fundament basi futur manag studi m domestica entomopathogen nematod
59582;develop kv digit distribut network manual calcul input oper paramet relay protect rp start problemat calcul oper valu week month use convent approach current imposs fulli promptli account network reconfigur connect addit load presenc distribut gener facil problem especi pronounc advanc smart grid mode network configur dynam stage develop digit rp kv distribut network propos stage main backup protect system upgrad differenti rel select multi paramet protect respect approach offer higher technic specif greater reliabl convent rp use iec standard data commun network multidimension measur order defin set point backup protect propos use automat calcul technolog ensur complet autom routin relay protect highest sensit respons speed continu adapt set data commun network new highli sensit multidimension protect previous gener protect system includ base electromechan approach simultan oper distribut network combin quantiti
58287;avail evid suggest associ stressor experienc covid syndem chang menstrual pattern aim studi assess self report menstrual alter covid syndem women peopl menstruat age spain cross sect onlin survey bas studi conduct march juli descript statist calcul multivari logist regress model construct studi conduct equiti menstrual health spain research project particip n report menstrual alter start syndem particip self report long covid present higher odd menstrual alter aor ci particip histori covid risk self report menstrual alter significantli higher base employ situat particip experienc financi issu eg financi issu always mani time month aor ci poorer self perceiv health eg poor aor ci diagnos polycyst ovari syndrom aor ci particip self report covid diagnosi factor significantli increas odd menstrual alter experienc financi strain eg financi issu always mani time month aor ci poorer self perceiv health eg poor aor ci overal factor decreas odd report menstrual alter includ age carer have gynecolog condit use hormon contracept find suggest impact covid syndem menstrual pattern social inequ report menstrual alter identifi risk report menstrual alter higher particip long covid evid conclus research menstrual health context covid need inform polici practic
58849;berlin intern known nightlif nation wid europe wid comparison use legal illeg substanc compar higher berlin similar citi howev data exist drug use parti scene studi aim assess sociodemograph characterist berlin s parti scene pattern substanc use expect prevent order deriv appropri prevent measur use questionnair onlin n field n total peopl berlin parti scene interview questionnair ascertain demograph inform particip pattern substanc use scene collect demand consult servic person assess use prospect exist prevent program offer studi particip year old sd femal alcohol common substanc parti scene follow cannabi mdma ecstasi amphetamin cocain ketamin particular cohort methamphetamin legal high did play major role demand prevent measur educ drug call drug check prevent area need request expans exist program e g far polit controversi drug check consid
58839;nucleosom eukaryot act platform dynam integr epigenet inform posttransl modif revers ad remov core histon exchang paralog variant concert chang demand transcript genom access histon common archaea role genom regul howev capac individu paralog assembl histone dna complex distinct properti remain poorli understood here combin structur model phylogenet analysi shed light archaeal histon paralog evolutionari histori capac gener combinatori chromatin state hetero oligomer assembl focus human commens methanosphaera stadtmana model archaeal system heteromer complex assembl seven histon paralog vari substanti dna bind affin tetram stabil use molecular dynam simul identifi uniqu paralog m stadtmana methanobrevibact smithii character unstabl interfac dimer propos paralog act capston prevent stabl tetram format extens longer oligom characterist model archaeal histon importantli provid evid phylogeni genom architectur capston paralog methanobacterial maintain hundr million year follow ancient duplic event taken togeth find indic archaeal histon paralog evolv play distinct conserv function role reminisc eukaryot histon variant conclud combinatori complex histone bas chromatin restrict eukaryot like predat emerg
59806;food drug administr fda guidanc industri patient report outcom pro measur describ agenc evalu psychometr properti measur intend support medic product label claim import psychometr properti test retest reliabl guidanc list intraclass correl coeffici icc assess time period key consider test retest reliabl evalu howev guidanc doe provid recommend regard icc comput consensu measur literatur regard appropri icc formula test retest reliabl assess absenc consensu emerg issu critic path institut s pro consortium purpos project gener thought inform recommend regard appropri icc formula assess pro measur s test retest reliabl literatur review prefer icc formula propos feedback chosen formula solicit psychometrician biostatistician regul scientist collabor pro consortium initi feedback care consid and deliber propos icc formula confirm conclus assess test retest reliabl pro measur two way mixed effect analysi varianc model interact absolut agreement singl score recommend
58437;content summari overview anim plant wnk kinas ii structur domain topolog iii phylogeny evolutionari relationship iv plant wnk kinas distribut regul wnk express activ v function wnk famili member physiolog develop vi say more question answer acknowledg refer summari lysin wnk kinas serine threonin kinas uniqu character anomal placement catalyt lysin monik anim wnk protein kinas play critic role protein traffick compon mediat renal ion transport process regul osmoregul cell volum plant wnk kinas gene famili larger divers recent studi reveal wnk kinas role orchestr traffick ion channel lipid kinas complex anim heterotrimer g protein signal compon plant necessari signal transduct reason new attent gear investig mechan adopt wnk kinas nudg intracellular protein destin review function wnk kinas protein traffick deriv learn model organ arabidopsi thaliana place new idea context provid predict wnk kinas structur predict express pattern specul evolutionari pathway regulatori role plant wnk transport process physiolog brazenli predict wnk kinas plant anim soon recogn nexu trafficking bas signal transduct
58275;hyperexcit stretch reflex present despit sign spastic peopl brain lesion look evid increas resist length chang plantar flexor muscle fascicl contribut reduct stretch reflex respons adult cerebr palsi cp total neurolog intact ni adult mean age femal ambul adult cp unilater mean age femal particip studi subject seat chair examin foot attach foot plate move computer control electromotor ultrasound probe place medial aspect leg measur length medial gastrocnemiu muscl fascicl slow deg fast deg stretch amplitud deg plantar flexor appli ankl rang deg deg interv deg plantarflexion check emg electrod slow stretch suffici slow elicit activ fast stretch suffici quick elicit maxim stretch reflex group torqu elicit stretch measur chang length medial gastrocnemiu muscl fascicl muscl fascicl increas significantli length increas dorsiflexion posit popul p fascicl shorter cp popul posit slow stretch elicit significantli larger torqu significantli smaller length chang muscl fascicl ankl joint posit move dorsiflexion cp ni p fast stretch elicit larger torqu respons ankl joint posit deg ni cp group p signific neg correl observ torqu respons muscl fascicl length chang slow stretch cp p ni find support increas passiv resist ankl plantar flexor muscle tendon unit develop contractur conceal stretch reflex respons adult cp argu taken account neurolog examin spastic
59633;articl present contain profil softwar tool measur record resourc usag container task tool profil cpu memori disk network util container task collect linux oper metric virtual machin contain process level contain profil support perform time seri profil configur sampl interv enabl continu monitor resourc consum container task pipelin investig util contain profil profil resourc util requir multistag bioinformat analyt pipelin rna sequenc use uniqu molecular identifi examin profil metric assess pattern cpu disk network resourc util differ stage pipelin quantifi profil overhead contain profil tool assess impact profil run pipelin differ level profil granular verifi impact neglig contain profil provid use tool use continu monitor resourc consumpt long complex container applic run local cloud help identifi bottleneck resourc need improv perform
57880;elev gradient mountain slope offer opportun studi key factor shape speci divers pattern environment factor chang short distanc elev gradient predict way howev differ taxa respond factor differ result variou propos model biodivers pattern elev transect use multi taxa approach investig effect elev area habitat soil characterist speci rich individu abund speci composit group ground dwel arthropod transect line swiss nation park surround eastern alp spider milliped centiped ant ground beetl rove beetl sampl use standard method pitfal trap cardboard trap visual search site span elev rang m a s l total individu compris speci collect spider rove beetl ground beetl milliped centiped ant speci linear mix model analysi reveal rarefi speci rich arthropod group affect elev the quadrat term elev provid best fit case differ pattern linear decreas centiped low elev plateau follow decreas ant rove beetl midpoint peak spider milliped pattern partial mirror consid individu abund elev influenc speci composit group examin overal elev import factor explain divers pattern local habitat soil characterist littl influenc pattern studi support import use multi taxa approach examin effect elev gradient consid singl group result mislead find overal biodivers
59183;long noncod rna lncrna recent consid central regul divers biolog process control tumorigenesi small nucleolar rna host gene snhg import tumor associ lncrna mainli involv tumorigenesi progress compet endogen rna cerna spong tumor suppress microrna mirna recruit mechan snhg overexpress tumor tissu cell line differ kind cancer presenc associ poor clinic prognosi review public snhg reveal play key role differ hallmark defin human cancer includ promot prolifer activ migrat invas inhibit apoptosi affect lipid metabol chemoresist review highlight role aberr express snhg play develop progress cancer suggest snhg function potenti biomark therapeut target human cancer
58117;paper present automat label framework sulci human later prefront cortex pfc adapt exist spheric u net architectur recent surfac data augment techniqu improv sulcal label accuraci development cohort specif framework consist follow key compon augment geometr featur gener cortic surfac registr spheric u net architectur effici fit augment featur postrefin sulcal label optim spatial coher graph cut techniqu valid method healthi subject manual label sulcal region pfc experi demonstr significantli improv label perform mean dice overlap compar multi atla standard spheric u net approach respect p addit propos method achiev set sulcal label second development cohort
59483;magnet gel ferrogel heterogen system structur nanoscal contain magnet particl dispers three dimension network polym chain present work magnet particl synthes core shel structur consist sepiolit particl cover magnetit nanoparticl composit particl rod lik shape high aspect ratio obtain sepiolite magnetit particl show high suscept satur magnet magneto rheolog mr properti intens mr effect aqueou suspens synthes particl studi particl function adsorpt algin molecul imbed algin hydrogel homogen soft materi particl link polym chain knot network domin great extent mechan properti materi determin optim composit ferrogel viscoelast properti measur absence pres magnet field result point mr effect provid clay magnetit particl consider intens achiev ferrogel contain spheric magnet microparticl therefor imbed rod shap magnet particl hydrogel allow control mechan properti wider rang convent ferrogel articl theme issu heterogen materi metast non ergod intern structur
59278;illus percept distanc touch skin describ classic work weber th centuri perceptu mechan underli spatial distort howev remain poorli understood potenti interpret represent space touch relat true structur skin geometr simpl stretch distort tactil distanc percept reflect simpl stretch tactil space perceiv distanc vari predict function orient stimulu skin show sinusoid pattern here test predict obtain judgment perceiv tactil distanc pair touch align orient skin experi result highli consist predict show appar deviat model simpl stretch tactil space similar result appar dorsum palm hand forehead result spatial distort touch character geometr simpl stretch tactil space
57829;replac recent extinct endem giant tortois extant function analogu provid best exampl island rewild date yet effici futur applic conserv action challeng era climat chang present discuss conceptu framework serv roadmap studi applic tortois rewild uncertain futur focu main ecolog function mediat giant tortois herbivori seed dispers nutrient cycl discuss climat chang like impact these propos discuss mitig strategi artifici construct shade site water hole help drive maintain ecosystem function provid tortois landscap scale applic framework mitig strategi illustr exampl wild rewild popul aldabra giant tortois aldabrach gigantea western indian ocean thi articl theme issu trophic rewild consequ ecosystem global chang
58957;good adher antihypertens recommend accomplish hypertens therapi number medic characterist contribut medic regimen complex dosag form dose frequenc known influenc medic adher howev effect medic regimen complex therapeut efficaci medicin remain clarifi present studi retrospect investig effect number medic medic regimen complex medic adher therapeut efficaci patient hypertens accord inclus exclus criteria patient medic includ antihypertens admiss mie univers hospit juli decemb enrol studi poor blood pressur manag defin systol diastol blood pressur mmhg mmhg medic regimen complex quantifi use medic regimen complex index mrci score patient patient categor poor good adher group respect multivari analys reveal age year oral mrci score number oral medic extract risk factor poor medic adher medic adher blood pressur manag poor group oral mrci score regardless age rate readmiss similar studi demonstr medic regimen complex number medic close relat medic adher blood pressur manag henc physician and or pharmacist consid complex medic regimen modifi them
58544;mention bernard bolzano s work ground anticip insight current debat metaphys ground present paper discuss certain bolzano s theori ground far discuss literatur doe anticip nowaday common assumpt ground goe them central discuss thesi bolzano s tri establish connect ground deduct unif paper spell thesi discuss assumpt rest mainli histor aim paper present reason philosoph interest histor bolzano thesi interest relat certain view unif explan forward kim final paper provid critic evalu thesi background current account ground
59298;select emphasi linear bodi measur trait associ increas lifetim product effici benefici decreas cull increas profit dairi beef industri import knowledg associ bodi measur carcass trait essenti obtain indic order increas respons select incorpor trait design breed program henc object present studi estim varianc compon genet paramet linear bodi measur carcass trait hanwoo cattl backfat thick bft carcass weight cwt eye muscl area ema marbl score ms month age consid carcass trait analyz bodi measur trait yearl age hanwoo bodi height bh bodi length bl chest depth cd chest girth cg chest width cw hip height hh hip width hw rump length rl rump width rw thurl width tw co varianc compon estim use ai reml seri bivari analys implement airemlf softwar moder high herit estim carcass trait cwt ema bft ms respect herit estim linear bodi measur low medium rang bodi measur trait exhibit moder rel high genet correl cwt genet correl bodi measur carcass trait low result studi demonstr favor posit genet correl linear bodi measur carcass weight indic select trait effect hanwoo breed program have unfavor effect carcass trait
59778;object administr drug target anti cytotox t lymphocyte associ protein ctla associ immune rel advers event ira here perform comprehens analysi organ specif ira treatment rel hematolog abnorm musculoskelet disord result anti ctla treatment materi method pubm cochran librari web scienc clinicaltrials gov search studi januari march report ae associ anti ctla therapi result total clinic trial patient includ these data access clinicaltrials gov compar control therapi placebo chemotherapi radiat therapi vaccin anti ctla therapi ipilimumab tremelimumab associ increas risk ira predominantli dermatolog rash odd ratio or p gastrointestin diarrhea coliti respect p endocrin hypophys hypothyroid adren insuffici hypopituitar respect p hepat hepat elev alanin aminotransferas elev aspart aminotransferas respect p common organ specif ira gastrointestin diarrhea coliti incid select event higher anti ctla tr patient signific differ anti ctla control therapi treatment rel hematolog abnorm sever musculoskelet disord conclus anti ctla therapi associ increas risk organ specif ira frequent involv gastrointestin system howev increas risk hematolog abnorm sever musculoskelet disord detect compar therapi result underscor need clinic awar prompt effect manag multi organ ira relat anti ctla drug
59961;follow natur disturb addit anthropogen disturb alter commun recoveri affect occurr speci function group evolutionari lineag howev understand rare common domin speci function group evolutionari lineag strongli affect addit disturb particularli multipl taxa limit here use gener divers concept base hill number quantifi commun differ vascular plant bryophyt lichen wood inhabit fungi saproxyl beetl bird storm disturb experiment salvag log forest commun investig speci group show dissimilar log unlog plot speci group show signific chang dissimilar log unlog plot seven year success indic lack commun recoveri gener dissimilar commun mainli driven rare speci converg dissimilar occur diverg earli stage success rare speci indic major role drive decreas taxonom dissimilar log unlog plot time trend speci dissimilar partial match trend dissimilar function group evolutionari lineag littl signific chang succession trajectori nevertheless common domin speci contribut converg dissimilar time case function dissimilar wood inhabit fungi studi show salvag log follow disturb alter succession trajectori earli stage forest success follow natur disturb howev commun chang time differ remark differ taxonom group best detect base taxonom function phylogenet dissimilar
59035;background aim recent taxonom molecular studi genu cyrtorchi reveal new speci here new speci endem cameroon volcan line cvl compar closest rel conserv statu provid detail inform ecolog reproduct biology materi method detail examin herbarium specimen perform use standard practic herbarium taxonomi conserv statu new speci assess use iucn red list categori criteria furthermor investig reproduct biolog new speci easili access subpopul cameroon test hypothesi hawkmoth pollin genu cyrtorchi key result newli discov speci name c okuensi restrict montan forest m elev cvl current assess near threaten nt angraecoid orchid hawkmoth pollin record speci c okuensi shortest nectar spur mm situ observ reveal hawkmoth short probosci genu hippot h celerio h eson h osiri main pollin rate pollin fruit natur condit low survey flower flower pollinia remov produc fruit flower flower set matur fruit conclus cyrtorchi okuensi clearli differenti c submontana longer wider floral bract longer anther cap wider triangular dorsal sepal
58513;type diabet occur pancrea make limit minim insulin patient type diabet need effect approach manag diabet maintain blood glucos concentr recent continu glucos monitor cgm use help control blood glucos level patient type diabet patient type diabet benefit cgm multipl insulin inject basal insulin sulfonylurea enzyme fre glucos detect neutral environ recent develop trend cgm pt au alloy electrod enzyme fre glucos detect neutral environ form electrochem deposit pt au alloy polycarbon pc membran surfac uniformli distribut micro hemispher array pc membran fabric use semiconductor microelectromechan manufactur process precis micro mold hot emboss amperometri use measur glucos concentr pb ph artifici human serum pt au nanoalloy electrod excel specif glucos detect accord experiment result devic sensit μa mm cm linear rang mm detect limit mm complex interf speci human blood degrad sens signal experi conduct artifici serum confirm feasibl propos pt au nanoalloy electrod clinic applic propos pt au nanoalloy electrod catalyz glucos reaction neutral solut enhanc sens perform synergist effect bimetal materi increas detect surfac area novel glucos biosensor advantag technolog foresight good detect perform high mass product feasibl thu propos neutral nonenzymat glucos sensor use cgm
58603;incid carbapenem resist klebsiella pneumonia crkp bloodstream infect bsi increas global howev littl report risk factor outcom crkp bsi central china studi aim determin clinic risk factor crkp bsi outcom crkp bsi perform case control studi patient k pneumonia bsi treat henan provinci peopl s hospit juli juli case n crkp bsi control n non carbapenem resist k pneumonia non crkp bsi antimicrobi sensit determin use autom broth microdilut agar disk diffus method data obtain clinic laboratori record multivari logist regress pearson chi squar test use identifi clinic factor outcom associ carbapenem resist risk factor carbapenem resist includ recent carbapenem use odd ratio or confid interv ci p invas procedur or ci p pre exist diseas digest or ci p treatment failur frequent case control exposur antibiot especi carbapenem invas procedur major risk factor carbapenem resist patient k pneumonia bsi strict control measur implement prevent emerg spread crkp
59153;wound stress lead anthocyanin accumul howev underli molecular mechan remain elus studi mdwrky promot wounding induc anthocyanin biosynthesi associ mdmyb undergo mdbt mediat degrad appl mdmyb posit regul anthocyanin biosynthesi essenti wounding induc anthocyanin biosynthesi appl mdwrky identifi mdmyb interact protein enhanc bind mdmyb target gene respons wound mdbt interact physic mdwrky involv degrad proteasom pathway result demonstr mdwrky key modul wounding induc anthocyanin biosynthesi provid new insight regul wounding induc anthocyanin biosynthesi transcript post transl level appl
57998;paper present novel tactil sensor sens perform sensit rang etc tune onlin vari mechan imped double cantilev structur therefor solv problem narrow sens rang non optim sensit face exist dynam tactil sensor sensor driven piezoelectr patch act simultan actuat gener vibrat sensor detect reson electr imped basic work principl variable imped method perform tune explain mathemat verifi numer simul experiment studi propos variable imped methodolog inspir design new class tactil sensor applic robot biomed engin aerospac etc
58364;oral squamou cell carcinoma oscc common malign tumor head neck account oral cancer high mortal limit tradit treatment complic new treatment method urgent need studi aim look effect new potenti anti tumor drug genipin oscc treatment vitro cck coloni format flow cytometri use detect effect genipin scc scc cell line immunofluoresc real tim pcr western blot use investig mechan xenograft tumor model use explor role genipin vivo genipin suppress cell growth induc apoptosi vitro addit express p down regul beclin lc ii up regul scc scc cell methyladenin ma significantli decreas lc lc ii puncta genipin rescuect d reduct furthermor genipin reduc express p pi k p akt p mtor vivo experi show genipin significantli curb tumor size weight posit express ki protein number apoptot cell increas conclus studi implic genipin suppress cell prolifer stimul apoptosi explor show genipin induc oscc cell autophagi pi k akt mtor pathway inhibit
59831;patient immun thrombocytopenia itp low platelet count increas risk bleed describ treatment pattern clinic outcom routin practic unit state us use electron health record data hematology oncolog clinic link administr claim us studi adult newli diagnos primari itp patient secondari caus thrombocytopenia exclud incid itp treatment initi bleed event rescu therapi use estim use compet risk model year post itp diagnosi patient prescrib oral corticosteroid major prescrib immedi follow diagnosi common second lin option rituximab use frequent year cumul incid confid interv follow romiplostim eltrombopag use drug similar year post diagnosi month post itp treatment initi cumul incid bleed similar eltrombopag romiplostim initi respect slightli lower rituximab user howev timefram rituximab user higher incid rescu therapi use versu eltrombopag romiplostim user splenectomi rare month post surgeri nearli experienc bleed nearli requir rescu studi describ health trajectori adult itp manag hematolog clinic inform design non intervent studi compar effect treatment
58817;gramicidin monomer protein thought non select conduct cation current water linear gramicidin consid antibiot function consid mediat format pore lipid membran kill bacteri cell main non psychoact activ constitu cannabi plant cannabidiol cbd recent gain interest propos possess variou potenti therapeut properti includ antibiot previous determin cbd s activ ion channel be part mediat alter membran biophys properti includ elast studi goal determin empir effect cbd gramicidin current human embryon kidney hek cell seek infer potenti direct compound protein interact result indic gramicidin appli extracellular hek cell membran follow cbd perfus increas gramicidin current
59907;prior studi delin landscap neoantigen aris nonsynonym point mutat murin pancreat cancer model panc develop peptid vaccin target neoantigen predict use pipelin incorpor mhc bind algorithm netmhc vaccin combin immun checkpoint modul elicit robust neoepitope specif antitumor immun respons led tumor clearanc howev small fraction predict neoepitop induc t cell immun similarli report neoantigen vaccin test clinic studi studi use bind affin mhc surrog t cell immun approach doe includ spatial inform mutat residu crucial tcr activ here investig conform alter mhc bind groov induc select minim neoepitop examin influenc given mutat residu function spatial posit structur paramet includ solvent access surfac area sasa neoepitop posit spatial configur mutat residu sequenc use improv predict immunogen neoepitop inclus cancer vaccin
59772;remain import need prophylact anti ebola viru vaccin candid elicit long last immun respons deliv vulner popul unabl receiv live attenu viral vector vaccin design novel synthet anti ebola viru glycoprotein ebov gp dna vaccin strategi expand protect breadth divers ebov strain evalu impact vaccin dose rout administr protect lethal ebov makona challeng cynomolgu macaqu long term immunogen monitor nonhuman primat year follow month boost multiple inject regimen ebov gp dna vaccin deliv intramuscular administr follow electropor protect lethal ebov makona challeng impress inject simpl toler dose spar intraderm administr follow electropor gener strong immunogen protect lethal challeng parallel observ ebov gp dna vaccin induc long term immun respons macaqu detect year final vaccin gener strong recal respons final boost data support simpl intradermal administ serology independ approach like import addit studi goal induct anti ebov immun multipl at risk popul
59264;increment periton dialysi pd character standard dose pd prescript compar standard treatment potenti advantag includ better preserv residu renal function lower risk periton decreas care deliveri burden reduc environment impact econom cost unplan pd defin treatment start day cathet insert recogn safe feasibl clinic approach perspect paper briefli discuss strategi share experi clinic routin manag increment pd unplan initi
58843;distinguish meaning meaningless sensori inform fundament form accur represent world dopamin thought play central role process meaning inform content observ motiv agent updat belief environ howev direct evid dopamin s role human belief updat lack address question healthi volunt perform model bas fmri task design separ neural process meaning meaningless sensori inform model particip behavior use norm bayesian observ model use magnitud model deriv belief updat follow observ quantifi meaning inform content acquir pet imag measur dopamin function subject magnitud belief updat task structur meaning inform pure sensori surpris meaningless inform encod midbrain ventral striatum activ use pet neural encod meaning inform neg relat dopamine receptor avail midbrain dexamphetamine induc dopamin releas capac striatum trial by tri analysi task perform indic subclin paranoid ideat neg relat behavior sensit observ carri meaning inform task structur find provid direct evid implic dopamin model bas belief updat human implic underst pathophysiolog psychot disord dopamin function disrupt
57808;identifi effect superoxid dismutas sod diabet mellitu dm induc retin chang diabet rat model diabet model establish singl intraperiton inject streptozotocin stz sprague dawley rat purif recombin sod intravitr inject sod perform time stz inject week follow stz inject scotop photop electroretinographi erg record immunofluoresc stain ɑ smooth muscl actin sma glial fibrillari acid protein gfap pigment epithelium deriv factor pedf flt recoverin parvalbumin extracellular superoxid dismutas sod hydroxy deoxyguanosin ohdg tumor necrosi factor ɑ tnf ɑ evalu scotop erg diabet group show reduc a b wave amplitud compar control group photop erg b wave amplitud show signific p reduct week follow dm induct howev trend a b wave reduct evid sod treat group gfap flt ohdg tnf ɑ immunoreact increas ɑ sma pedf sod immunoreact decreas diabet retina immunoreact marker partial recov sod treat group parvalbumin express decreas sod treat group diabet retina immunoreact recoverin weakli detect inner nuclear layer inner plexiform layer compar control group sod treat group sod treatment attenu loss a b wav amplitud diabet rat consist immunohistochem evalu suggest rod domin rodent use blue green photop neg respons phnr effect measur inner retin function anim model diabet retinopathi sod treatment amelior retin müller cell activ diabet rat pericyt dysfunct result suggest sod exert protect effect develop diabet retinopathi
58344;latent hiv reservoir major barrier viral erad howev understand hiv establish latenc incomplet here perform genome wid crispr cas knockout librari screen identifi phosphatidylethanolamine bind protein pebp known raf kinas inhibitor protein rkip novel gene induc hiv latenc deplet pebp lead reactiv hiv multipl model latenc mechanist pebp de phosphoryl raf erk iκb ikk iκb signal pathway sequestr nf κb cytoplasm transcript inactiv hiv induc latenc importantli induct pebp express green tea compound epigallocatechin gal egcg prevent latenc revers inhibit nuclear transloc nf κb suppress hiv transcript primari cd t cell isol patient receiv antiretrovir therapi art result suggest critic role pebp regul upstream nf κb signal pathway govern hiv transcript target pathway option control hiv reservoir patient futur
58906;relationship g govern organ civil societi complex laden tension optim mode engag instanc state civil societi relat worsen lead expert activist speak shrink space civil societi wide spread phenomenon isol occurr gener develop countri achiev maintain enabl environ civil societi author suggest current impass result foremost outdat increasingli ill suit regulatori framework fail accommod divers expand set civil societi organ cso respons propos differenti model regulatori framework base function role base quantit profil expert survey moreov paper deriv initi recommend govern civil societi way relat nation multilater context
58751;leptin play import role regul energi homeostasi fat muscl paradox find exist serum leptin level muscl health condit here aim investig relationship serum leptin level risk sarcopenia dynapenia older adult adult age older live commun recruit annual health checkup bodi composit gait speed handgrip strength examin cutoff valu muscl mass strength defin sarcopenia dynapenia base consensu asia work group sarcopenia serum leptin level measur immunoassay particip femal enrol sarcopenia dynapenia respect higher serum leptin level posit associ muscl fat mass neg associ handgrip strength gait speed sex logist regress model adjust variou confound higher serum leptin level associ increas risk dynapenia dose respons effect male femal particip odd ratio or confid interv ci or ci respect posit trend exist gender p trend respect contrast higher leptin level associ reduc risk sarcopenia dose respons trend sex or ci or ci respect model multivari logist regress analys neg trend exist gender p trend respect posit trend exist serum leptin level dynapenia risk reveal neg trend serum leptin level sarcopenia risk male femal elderli individu biolog mechan underli neg associ muscl strength posit associ muscl mass warrant investig
59444;climat chang significantli alter speci distribut wild potenti affect interact pest diseas human anim plant host studi project chang diseas distribut futur respons histor climat chang poorli understood analys requir dissect rel contribut climat chang host avail dispers emerg pest diseas here model influenc climat chang damag diseas major tropic food plant black sigatoka diseas banana black sigatoka emerg asia late twentieth centuri recent complet invas latin american caribbean banana grow area parametr infect model publish experiment data drive model hourli microclim data global climat reanalysi dataset defin infect risk sum number model hourli spore cohort infect leaf time interv model show infect risk increas median banana grow area latin america caribbean increas canopi wet improv temperatur condit pathogen thu increas banana product global trade probabl facilit black sigatoka establish spread climat chang region increasingli conduc plant infect articl theme issu model infecti diseas outbreak human anim plant approach import theme issu link subsequ theme issu model infecti diseas outbreak human anim plant epidem forecast control
58558;purpos studi evalu exposur particl induc imbal kda heat shock protein hsp intracellularli ihsp anti inflammatori role extracellularli ehsp pro inflammatori role evalu effect residu oil fli ash rofa exposur ehsp to ihsp ratio h index biomark inflammatori statu relat oxid stress plasma lymphoid tissu wistar rat receiv rofa suspens consecut day μg show increas plasma ehsp level mainli kda induc form also rofa promot alter plasma oxid stress increas protein carbonyl group superoxid dismutas activ decreas sulfhydryl group increas h index plasma thymu chang circul leukocyt level ihsp oxid stress marker lymphoid tissu result support hypothesi ehsp content h index repres inflammatori oxid biomark
57742;aim studi explor associ interleukin β il β il gene polymorph pathogenesi parkinson s diseas total patient parkinson s diseas hospit collect diseas group meanwhil healthi subject taken control group peripher blood sampl drawn research subject polymorph region il β il amplifi polymeras chain reaction pcr moreov polymorph detect analyz follow analysi base chang gene express hoehn yahr grade patient allel distribut il β rs p il rs p statist differ control group diseas group diseas group g allel frequenc il β rs t allel frequenc il rs significantli higher p genotyp distribut il β rs p rs p il rs p diseas group differ control group addit frequenc ct genotyp il β rs aa genotyp il β rs aa genotyp il rs diseas group significantli lower p model analysi distribut recess model il β rs p il rs p diseas group exhibit signific differ control group frequenc ta haplotyp il β rs rs p ga haplotyp il rs rs p diseas group lower control group p polymorph il β rs il rs significantli associ gene express p moreov express il β il rose significantli patient gg genotyp rs cg genotyp rs respect p furthermor polymorph il β rs significantli correl grade parkinson s diseas p parkinson s diseas higher grade grade patient aa genotyp lower grade grade patient gg ag genotyp il β il gene polymorph significantli associ pathogenesi parkinson s diseas
57770;ultraviolet uv radiat intens differ global region significantli higher level southern hemispher uv b act environment filter plant invas particularli appli plant speci europ introduc new zealand just like abiot biotic filter success invad cope novel environment condit plastic respons and or rapid adapt natur select exot rang conduct multispeci experi herbac plant common garden locat speci nativ exot rang germani new zealand respect use plant german new zealand origin speci test adapt higher uv b radiat new rang common garden plant expos radiat treatment ambient sunlight exclus uv b transmit ambient uv a combin exclus uv b uv a linear mixed effect model reveal signific effect uv b growth leaf trait indic uv b induc biomass reduct common garden point impact natur ambient uv radiat intens experienc plant northern southern hemispher common garden respect local plant i e german origin germani new zealand origin new zealand display enhanc product aboveground biomass alloc provid evid recent evolutionari process exot rang genet differenti differ origin consequ diverg local select pressur specif leaf area differenti particularli hint differ select forc rang littl evid immedi select effect high uv b intens exot rang howev reaction norm slope rang reveal higher plastic exot individu function leaf trait allow sensit regul photoprotect measur respons uv b colon new zealand popul select observ higher phenotyp plastic consequ increas abil success spread exot rang
59562;catalyt behavior metal oxid nanomateri remov organ pollut dark ambient condit addit stimul great scientif commun account nanomateri ternari metal oxid moo nio pdo pd synthes greener approach explor degrad methyl orang water environ dark ambient condit comparison light condit biochem speci abi pindrow treat aqueou solut precursor s salt follow sol gel synthesi strategi attun morpholog chemistri moo nio pdo pd incorpor bioactiv compound a pindrow bio fabr moo nio pdo pd reveal outstand catalyt behavior degrad methyl orang min dark ambient temperatur pressur wherea presenc visibl light irrit catalyst degrad methyl orang min accord reaction kinet degrad catalyst illustr good stabil light r dark condit r furthermor outstand reusabl recycl synthes nanomateri observ run experi dark light condit therefor a pindrow synthes moo nio pdo pd nanocatalyst demonstr signific potenti detoxif organ pollut water remedi
59873;machin learn artifici intellig seen tremend growth recent year appli numer studi field orthopaed machin learn soon critic day to day oper orthopaed practic therefor imper provid accustom familiar terminolog fundament techniqu technolog foundat knowledg regard machin learn critic physician begin understand detail algorithm develop provid improv accuraci compar clinician decreas time requir heighten abil triag patient
58225;exposur ritual prevent ex rp effect first lin treatment obsessive compuls disord ocd patient achiev minim symptom follow ex rp herein investig task bas neural activ predict respond best ex rp unmed adult patient ocd n healthi particip n complet simon spatial incompat task high resolut multiband function mri fmri patient offer twice weekli ex rp session linear mixed effect model use identifi brain region conflict rel activ moder slope chang yale brown obsessive compuls scale y boc score treatment conflict rel activ left pallidum cortic parcels region significantli predict symptom improv ex rp patient ocd fals discoveri rate correct p signific parcels region includ cingulo opercular default mode network region specif anterior insula anterior posterior cingul summar parcels region greater conflict rel activ predict greater ex rp respons patient achiev remiss y boc score cohen s d sensit specif associ brain activ treatment respons partial mediat patient ex rp adher b total effect p brain activ adher highli predict remiss togeth find suggest cingulo opercular default mode region typic implic task control introspect process respect target novel treatment augment abil person ocd resolv cognit conflict facilit adher ex rp increas likelihood remiss
58193;perfluorooctylbromid nanoparticl pfob np type multifunct nanotechnolog studi variou medic applic commerci ultrasound contrast agent uca suffer follow limit short half liv vivo high background signal restrict distribut vascular circul micromet dimens pfob np new potenti uca persist long period circulatori system possess rel stabl echogen respons increas background signal exhibit lower acoust attenu commerci uca furthermor pfob np serv drug deliveri vehicl drug dissolv outer lipid polym layer subsequ deliveri target site site target therapi use pfob np carrier potenti advantag select deliv payload target site improv visual site use ultrasound us imag unfortun applic pfob np field ultrasonographi limit low intens reflect numer research realiz potenti use pfob np uca develop altern approach appli pfob np ultrasonographi articl review latest approach use pfob np enhanc imag vivo addit articl emphas applic pfob np promis drug deliveri carrier cancer atherosclerosi treatment pfob np transport differ drug payload variou applic good efficaci note challeng futur studi direct applic pfob np deliveri therapeut agent diagnost agent ultrasonographi
59736;persist fall rate snag stand dead tree gener bark beetl outbreak consequ behavior effect suppress potenti wildfir hazard tree timber salvag oper wildlif habitat numer ecosystem process howev post beetl snagfal dynam poorli understood forest type tag stand live dead lodgepol pine pinu contorta subalpin fir abi lasiocarpa engelmann spruce picea engelmannii includ beetle kil pine snag follow peak recent mountain pine bark beetl outbreak watersh fraser experiment forest northcentr colorado sampl snagfal year later bark beetl attack began peak kill overstori lodgepol pine plot distribut rang stand site condit snag fell snag broke ground level butt rot orient downhil contrast snag tip snap ground orient prevail wind equal number snag fell singli multiple tre group equal number remain elev contact ground lodgepol pine snagfal time higher steep slope dead pine densiti higher compar flatter site base find previou research estim one half beetle kil lodgepol pine high elev forest fraser fall yr beetl infest pine snag like persist decad longer post outbreak snagfal dynam creat multiple decad legaci bark beetl outbreak persist longer high elev compar lower elev forest
58147;chemotherapi head neck squamou cell carcinoma hnscc system effect hypoxia induc chemoresist reduc effect enhanc chemosensit urgent need synthes drug deliveri name cecma np base cisplatin cddp metformin chemotherapeut sensit chlorin e ce polyethylen glycol diamin peg synthes shell anti ldlr antibodi which target hypox tumor cell modifi surfac achiev tumor target np possess great synergist effect chemotherapi phototherapi laser stimul cddp metformin releas situ achiev anti tumor effect meanwhil pdt ptt trigger laser anticanc effect furthermor compar free cisplatin cecma exhibit system toxic laser irradi xenograft mous tumor model cecma effect destroy tumor hypoxia target multimod therapi vitro vivo provid novel strategi target head neck squamou cell carcinoma
59361;erector spina plane block espb new trunk fascia block techniqu propos espb arous nerv block expert howev clinic studi espb lumbar surgeri effect safeti controversi goal review summar use espb lumbar spine surgeri order better understand techniqu pubm embas cochran librari clinicaltrial gov databas search juli accord inclus exclus criteria establish advanc lumbar spine surgeri espb relat mesh term free text word use data pain score analges consumpt advers effect report process follow prisma statement guidelin total particip public identifi includ random control trial rct retrospect cohort studi case report case seri block oper plane t l main anesthet use block bupivacain ropivacain lidocain evid reduc postop pain score analges consumpt effect safeti espb lumbar spine surgeri controversi current evid insuffici support widespread use espb lumbar spine surgeri high qual rct urgent need
59521;mainstay facial rejuven strategi volum restor achiev autolog fat graft novel approach treat adipos tissu harvest site extracorpor shock wave therapi eswt order improv qualiti regen cell situ demonstr character cell stromal vascular fraction svf harvest liposuct materi regard cell yield adenosin triphosph atp content prolif capac surfac marker profil differenti potenti secretori protein profil svf cell yield slightli enhanc viabil atp concentr freshli isol cell prolifer doubl week cultur significantli increas eswt compar untreat group likewis cell express mesenchym endothelial pericyt marker significantli elev concomit improv differenti capac adipogen lineag enhanc specif angiogen protein henc situ eswt appli futur promot cell fit adipogenesi angiogenesi fat graft success facial rejuven strategi potenti long term graft surviv
58491;studi conduct evalu graft patenc rate year coronari arteri bypass graft accord function signific coronari arteri stenosi determin myocardi single photon emiss comput tomographi ninety f patient underw coronari arteri bypass graft use y composit graft base situ left intern thorac arteri preoper stress rest myocardi single photon emiss comput tomographi year angiographi avail enrol seven sixty nin distal anastomos construct ischem nonischem area respect one year year angiograph occlus rate evalu studi patient respect factor associ graft occlus evalu use gener linear mixed effect model overal year graft occlus rate distal anastomos respect occlus rate graft bypass vessel function signific insignific stenosi year year respect graft occlus year coronari arteri bypass graft associ function signific coronari arteri stenosi odd ratio confid interv odd ratio graft occlus accord function ischemia lower signific graft arteri intermedi stenosi stenosi odd ratio confid interv higher insignific graft arteri sever stenosi stenosi odd ratio confid interv graft occlus year coronari arteri bypass graft associ function signific coronari arteri stenosi particularli stenosi degre sever
57728;aim determin possibl associ motor mental develop infant women epilepsi antenat exposur antiseizur medic asm development paediatrician blind antenat asm exposur evalu motor mental develop infant month use development assess scale indian infant an indian adapt bayley scale infant develop motor modq mental develop quotient medq comput ratio respect development age chronolog age child employ linear mix model studi relationship antenat exposur asm develop quotient adjust malform statu age babi matern educ seizur type studi infant mean age month elig infant infant classifi have monotherapi polytherapi unexpos particip respect medq polytherapi monotherapi group lower unexpos infant similarli modq polytherapi monotherapi group lower unexpos infant differ adjust mean medq p p p valproat monotherapi polytherapi valproat polytherapi valproat respect adjust mean modq show similar trend expos levetiracetam n higher similar adjust modq p medq p compar unexpos infant dose depend decreas development indic observ valproat phenobarbiton antenat exposur asm especi valproat phenobarbiton advers affect motor mental develop expos infant earli development screen high risk infant desir
58777;mean meta analys determin trait relat plant anatomi morpholog chemistri physiolog growth reproduct affect daili light integr dli mol photon m d larg databas includ experi plant speci enabl determin gener dose respons curv trait increas dli satur fashion show fold increas dli rang mol m d number seed produc plant actual rate photosynthesi strong decreas dli up three fold observ leaf area ratio leaf payback time plastic differ speci group gener small compar overal respons dli howev number trait includ photosynthet capac realiz growth woodi shade toler speci lower plastic conclud direct degre trait chang adher respons plant densiti vertic light gradient plant canopi synthesi provid strong quantit basi understand plant acclim light molecular plant respons identifi variabl current form weak spot knowledg respir reproduct characterist
59742;children lower incom household increas risk poor health educ failur behavior problem social gradient reproduc find health social scienc peopl view posit social hierarchi signal poor health howev adolesc view social posit begin independ relat well b current unknown cotwin design leverag test adolesc ident famili background view famili s social statu higher same ag sex sibl experienc better well b earli late adolesc particip member environment risk longitudin twin studi repres cohort british twin n follow decad life late adolesc percept subject famili social statu sfss robustli correl multipl indic health well b includ depress anxieti conduct problem marijuana use optim educ employ train neet statu crime find held control object socioeconom statu statist cotwin design account measur childhood intellig iq neg affect prior mental health risk self report inform report administr data use littl support biolog embed adolesc percept famili social statu index inflammatori biomark cognit test late adolesc sfss earli adolesc robust correl well b predictor futur problem futur experiment studi requir test alter adolesc subject social statu lead improv well b social mobil
58022;sustain coloni allow investig attach substrat diet temperatur develop immatur stage cq lineali local congen cq xanthogast immatur mosquito attach submerg plant respir variou field collect laboratory rais plant compar non liv substrat hydroponically grown wheat plant seedl provid suitabl attach substrat develop surviv immatur eclos investig type quantiti standard diet develop surviv rear temperatur c investig diet type appear littl influenc develop howev lowest diet quantiti develop pupat significantli reduc highest diet quantiti impact eclos pupa mean durat immatur develop cq lineali increas temperatur decreas time st instar median eclos did differ significantli c week c week week c c lethal cq xanthogast similarli mean durat immatur develop increas temperatur decreas develop time st instar median eclos significantli longer c week compar c week c week
59675;object determin impact remot proctor academ perform doctor pharmaci pharmd students method retrospect observ studi compar profession year p second profession year p pharmaci student score composit examin administ spring n final proctor remot histor cohort pharmaci student took examin spring n assess remot proctor affect academ perform spring score examin compar histor cohort took examin person proctor present spring academ perform examin compar cohort evalu possibl year to year variat academ perform non remot circumst mann whitney test use compar score cohorts result median score student spring cohort significantli lower score histor cohort composit examin administ p student implement remot proctor contrast median score significantli higher examin administ p student use remot proctoring conclus remot proctor minim impact pharmaci student examin perform use consid ensur academ honesti secur test content distanc learn environ
58708;climat chang strong effect speci interact commun structur temperature depend effect predator prey interact major mechan effect occur understand net effect predat attack rate dynam window prey vulner examin impact temperatur interact caterpillar arctia virginali ant predat formica lasioid conduct field experi examin attack rate caterpillar rel temperatur ant abund bodi size laboratori experi determin effect temperatur caterpillar growth model temperature depend surviv base integr effect temperature depend growth temperature size depend predat attack rate caterpillar increas warm ant recruit decreas caterpillar size caterpillar growth rate increas temperatur narrow window vulner model predict net caterpillar surviv decreas temperatur suggest a virginali popul depress futur climat warm theoret work suggest net outcom predator prey interact increas temperatur depend respect respons interact speci term veloc space present studi suggest import effect temperatur prey window vulner veloc time
58532;two dimension d hybrid perovskit novel function structur divers perfect platform emerg optoelectron devic photodetector light emit diod solar cell here demonstr excess concentr cesium bromid csbr key format easili exfoli d cs cu cl br perovskit crystal furthermor employ trick d perovskit ma cu cl br ma methylammonium achiev phase pur easili exfoli d mixed c ma c cu cl br perovskit crystal exhibit reduc bandgap ev ferromagnet behavior photovolta properti result mixed c structur devic reveal enhanc effici compar ma cs counterpart find demonstr import cation engin develop innov materi novel properti
58701;year old obes boy present acute on chron unstabl left slip capit femor epiphysi scfe underw situ surgic fixat mm fulli thread cannul screw month present mechan failur screw underw screw remov revis situ fixat peritrochanter flexion intern rotat osteotomi open femoroplasti osteotomi heal week femor physi took addit year close case highlight uncommon complic situ pin scfe discuss revis fixat option suggest possibl prolong physeal closur sever slip
59022;epilepsi childhood extend far seizur affect child parent well b long term impact childhood onset epilepsi parent well b unknown studi assess health rel qualiti life hrqol mother year child s diagnosi epilepsi data come health rel qualiti life children epilepsi studi multicent prospect cohort studi children newli diagnos epilepsi mother complet mail questionnair year follow up includ short form health survey sf v evalu physic mental health compon hrqol block wis linear regress identifi child epilepsi maternal famili matern psychosoci factor associ mother hrqol total mother particip studi sampl assess baselin follow up youth seizur free past year mother score similarli popul norm mean sd mental health subscal mean sd significantli better physic health subscal mean sd better famili resourc associ higher better score physic health subscal b ci better famili function b ci fewer matern depress symptom b ci percept stress b ci associ higher better score mental health subscal year diagnosi epilepsi children hrqol mother similar report women gener popul studi identifi factor contribut better matern hrqol highlight import famili environ epilepsy rel variabl
58586;heterochromat domain complex structur compos nucleosom array bound silenc factor composit rais possibl certain configur nucleosom array facilit heterochromat silenc test possibl saccharomyc cerevisia systemat alter distanc heterochromat nucleosome deplet region ndr predict affect local nucleosom posit limit nucleosom pack ndr consist predict serial delet alter distanc heterochromat ndr reveal strike oscillatori relationship inter ndr distanc defect nucleosom posit furthermor condit caus poor nucleosom posit led defect heterochromatin stabil abil cell gener inherit epigenet transcript state find strongli suggest nucleosom posit contribut format mainten function heterochromatin point previous unappreci role ndr posit heterochromat domain
57978;ascaridoid commonest group zooparasit nematod roundworm occur alimentari canal major vertebr group includ human extrem high divers major socio econom import howev evolutionari histori remain poorli known herein perform comprehens phylogenet analysi ascaridoidea result divid ascaridoidea monophylet major clade i e heterocheilida acanthocheilida anisakida ascaridida toxocarida raphidascaridida heterocheilida acanthocheilida repres sister clade remain ascaridoid phylogeni calibr use approach involv time prior fossil co evolv host date common ancestor ascaridoidea earli carbonifer approxim ma diverg date ancestr host type indic studi suggest member ascaridoidea parasit terrestri tetrapod subsequ extend host rang elasmobranch teleost propos fundament terrestrial aquat switch nematod affect chang sea level triassic earli cretac
58389;optim thruster configur attitud control subsystem spacecraft present paper optim configur design accord minimum number requir thruster satisfi desir reliabl specif redund level genet algorithm employ optim process feasibl result evalu use algebra geometri method main featur propos configur feasibl configur minimum number requir thruster held optim configur configur maximum reliabl minimum fuel consumpt addit feasibl attitud control perform configur examin simul result simul confirm propos configur desir perform noteworthi mention configur maximum number requir thruster convent configur thruster belong control channel fuel consumpt optim configur howev total mass optim configur convent configur smaller number thruster
58763;contrast mammal zebrafish maintain cardiomyocyt prolifer capac adulthood howev molecular mechan orchestr prolifer cardiomyocyt development heart growth context regener adult suffici defin yet identifi forward genet n ethyl n nitrosourea enu mutagenesi screen recess embryonic leth zebrafish mutant baldrian bal show sever impair development heart growth diminish cardiomyocyt prolifer posit clone identifi missens mutat zebrafish histon deacetylas hdac gene lead sever protein instabl loss hdac function vivo hdac inhibit significantli reduc cardiomyocyt prolifer indic role hdac development heart growth zebrafish evalu development regen hdac associ mechan cardiomyocyt prolifer conserv analyz regen cardiomyocyt prolifer hdac inhibit wound border zone cryoinjur adult zebrafish heart hdac essenti orchestr regen cardiomyocyt prolifer adult vertebr heart summari find suggest import conserv role histon deacetylas hdac development adult regen cardiomyocyt prolifer vertebr heart
59628;ski interact protein skip bifunct regul gene express work splice factor spliceosom transcript activ interact earli flower elf mos associ complex a mac a mac b interact physic genet skip mediat altern splice c express gene arabidopsi genom requir splice similar set gene skip skip interact physic genet splice factor polymerase associ factor complex paf c compon howev splice factor interact physic genet paf c compon skip spliceosom complex mediat circadian clock function abiot stress respons control altern splice pre mrna encod clock stress tolerance rel gene skip paf c complex regul floral transit activ flower locu c flc transcript data reveal skip regul floral transit environment fit incorpor distinct complex regul gene express transcript post transcript respect interest discov futur studi skip requir integr environment fit growth control incorpor skip spliceosom paf c plant
58027;accur reliabl cost effect quantif real tim biomechan exposur occup set remain endur pursuit ergonom miniatur wireless body worn inerti sensor offer opportun directli measur vast person kinemat data laboratori appli set review investig contemporari emerg use wearabl inerti sens technolog occup ergonom research relat biomechan exposur assess physic work review narr synthesi peer review studi conduct conceptu framework use scope synthes review scientif literatur review find help contextu contribut emerg technolog broader goal reduc work relev musculoskelet trauma disord review evid despit grow wearabl inerti sens technolog ergonom research use appli set lag review identifi differ sensor attach locat method measur calibr valid inconsist criteria report assess biomechan exposur studi similar object emerg applic includ combin inerti sens predict model obtain cumul exposur data provid real tim feedback biomechan work demand manuscript conclud research direct enabl inerti sens technolog tool onlin biomechan exposur assess feedback particular appeal non repetit work set
58922;human extraordinari abil interact cooper other despit social evolutionari signific collabor research find neural correl limit partli restrict simultan neuroimag particip also known hyperscan studi use dyadic fmri hyperscan examin interact particip howev knowledg studi date aim reveal neural correl social interact use three person or triadic fmri hyperscan paradigm here simultan measur blood oxygen level depend signal triad n particip engag collabor draw task base social game pictionari gener linear model analysi reveal increas activ brain region previous link theori mind collabor phase compar independ phase task furthermor use intersubject correl analysi reveal increas synchron right temporo pariet junction r tpj collabor phase increas synchroni r tpj observ posit associ overal team perform task sum paradigm reveal vital role r tpj theory of mind region triadic collabor draw task
58912;understand antibodi respons natur sever acut respiratori syndrom coronaviru sars cov infect guid coronaviru diseas covid vaccin schedul especi resource limit set studi aim assess dynam sars cov antibodi includ anti spik protein s immunoglobulin ig g anti receptor bind domain rbd total ig anti s iga neutral antibodi wild typ sars cov time cohort patient previous infect wild typ sars cov march individu virolog confirm case wild typ sars cov infect enrol immunolog studi blood sampl collect month post symptom onset detect sars cov rt pcr in asymptomat individu neutral titer sars cov detect recov covid patient month symptom onset respect seroposit rate anti s igg anti rbd total ig anti s iga neutral titer remain respect month symptom onset observ high level correl neutral sars cov spike protein specif antibodi titer half lif neutral titer estim day confid interv day r result support declin serum antibodi level time particip sever diseas mild diseas depend symptom sever individu high igg antibodi titer experienc significantli longer persist sars cov specif antibodi respons lower titer
59451;lombroso fejerman describ non epilept movement normal infant name benign myoclonu earli infanc recent relabel fernandez alvarez benign polymorph movement disord infanc bpmdi focu studi describ categor point peculiar clinic represent heterogen phenomena video footag particularli experienc paediatr neurolog includ infant video eeg perform unit home video record fejerman lombroso benign myoclonu earli infanc shudder attack paroxysm non epilept movement twenty on children select age onset rang month age disappear rang seven month age record rang month durat phenomena rang week month total infant normal neurodevelop onset follow up mean follow up month present neuropsycholog neurosensori deficit distinguish differ pattern movement movement head shudder attack tonic brief contract trunk limb elev shoulder motor phenomena affect neurolog statu associ development delay consid clinic interpret challeng especi rel epilept seizur present explanatori video characterist event propos new definit simpl rememb transient infant movement tim
59105;data microbi composit tobacco chewer oral cancer patient rajasthan india interest ng analysi tobacco chewer oral cancer compris abund core microbi taxa oral caviti show highli pathogen phylum consist fusobacteria firmicut observ oral cancer sampl wherea treponema firmicut mollicut fusobacteria seen tobacco chewer thu data show abund core microbi taxa oral caviti tobacco chewer oral cancer patient rajasthan india
58350;von willebrand diseas vwd inherit bleed disord affect popul case vwd result mutat von willebrand factor vwf gene alter function vwf key glycoprotein primari secondari hemostasi comprehens analysi patient vwd includ vwf activ antigen level platelet function care bleed histori treatment option includ antifibrinolyt desmopressin vwf replac therapi vwf level fluctuat age stress environment exposur pharmacolog treatment treatment guidelin exist treat prevent bleed patient undergo surgeri medic procedur reevalu set age rel comorbid includ cardiovascular event venou thrombosi malign addit age rel complic associ secondari acquir von willebrand syndrom avw includ malign hypothyroid cardiovascular diseas cardiac replac devic current literatur limit lack older patient clinic trial larger studi need determin age rel comorbid affect vwd patient differ frequenc gener elderli popul signific need registry bas studi evalu age rel comorbid vwd patient
58166;investig cardiovascular effect sodium glucos cotransport sglt inhibitor routin clinic practic cohort studi use data nationwid regist active compar new us design denmark norway sweden april decemb new user sglt inhibitor new user dipeptidyl peptidas dpp inhibitor age match age sex histori major cardiovascular diseas propens score primari outcom major cardiovascular event composit myocardi infarct stroke cardiovascular death heart failur hospit admiss heart failur death heart failur secondari outcom individu compon cardiovascular composit caus death primari analys patient defin expos treatment start follow up analog intent treat addit analys conduct as treat exposur definit cox regress use estim hazard ratio mean age studi cohort year men histori major cardiovascular diseas total person year follow up sglt inhibitor group patient initi dapagliflozin initi empagliflozin initi canagliflozin follow up sglt inhibitor user incid rate event person year dpp inhibitor user major cardiovascular event heart failur event respect hazard ratio confid interv major cardiovascular event heart failur hazard ratio consist subgroup patient histori major cardiovascular diseas histori heart failur hazard ratio secondari outcom compar sglt inhibitor dpp inhibitor myocardi infarct stroke cardiovascular death caus death as treat analys hazard ratio major cardiovascular event heart failur myocardi infarct stroke cardiovascular death caus death larg scandinavian cohort sglt inhibitor use compar dpp inhibitor use associ reduc risk heart failur caus death major cardiovascular event primari intention to treat analysi addit as treat analys magnitud associ heart failur caus death larger reduc risk major cardiovascular event larg driven cardiovascular death compon observ data help inform patient practition author regard cardiovascular effect sglt inhibitor routin clinic practic
58981;ocean acidif oa predict major driver ocean biodivers chang project rate chang sensit marin taxa time adapt persist depend pre exist inter individu variabl investig individu male reproduct perform present day oa condit use repres broadcast spawner sea urchin lytechinu pictu heliocidari erythrogramma non competit individu ejacul scenario examin sperm function paramet e g swim speed motil relationship fertil success current near futur oa condit signific inter individu differ paramet measur identifi importantli observ strong invers relationship individu fertil success rate current condit chang fertil success oa individu high fertil success current condit reduc fertil oa individu low fertil success current condit improv chang fertil success rang individu result demonstr averag popul fertil rate remain similar oa present day condit contribut differ male popul significantli shift implic select oper futur ocean
59528;school health system increasingli invest telemedicin platform address acut chronic ill asthma common chronic ill childhood particular given high burden school absente conduct systemat review evalu impact school bas telemedicin program improv asthma rel outcom pubm cochran central cinahl eric psycinfo embas googl scholar origin research includ quasi experiment studi restrict type telemedicin school ag pediatr patient asthma famili school bas telemedicin author independ screen abstract conduct full text review assess studi qualiti extract inform author resolv disagr articl identifi includ review outcom asthma symptom fre day asthma symptom frequenc qualiti life health care util school absenc spirometri studi report signific increas symptom fre day and or decreas symptom frequenc report increas quality of lif metric report decreas health care util metric show reduct school absenc report improv spirometri measur variabl intervent design outcom measur make comparison quantit analys studi difficult studi random control trial high qual evid support use school bas telemedicin program improv patient outcom limit avail evid suggest benefit compar trial identifi contribut telemedicin studi result unclear
57867;wildfir burn approxim boreal forest yearli signific factor affect soil organ matter som pool boreal forest larg situat permafrost zone contain half global soil carbon c wildfir advanc thaw permafrost burn insul organ layer decreas surfac albedo increas soil temperatur fire affect som qualiti chemic physic chang format resist c compound long term post fir effect som qualiti degrad isotop composit known permafrost forest studi effect forest fire proport size som pool chemic fraction extract water ethanol acid soil sampl cm depth collect chronosequ upland miner soil canadian permafrost zone determin c n isotop composit soil fire topsoil horizon cm recent area contain smaller fraction labil som slightli enrich n c older area som fraction ratio revert pre fir statu success chang som appar deeper soil best predictor size recalcitr som fraction activ layer depth veget biomass soil c n ratio microbi biomass best predict size recalcitr som fraction result indic som upland miner soil permafrost surfac mainli recalcitr decomposit particularli sensit chang result fire
59028;studi intend build compar kind forecast model differ time scale hemorrhag fever incid china autoregress integr move averag arima long short term memori neural network lstm adopt fit monthli weekli daili incid hemorrhag fever china model combin uncombin roll forecast use predict incid examin stabil applic arima arima arima select best fit arima model monthli weekli daili incid seri respect lstm model neuron stochast gradient descent sgdm monthli incid neuron adapt moment estim adam weekli incid neuron root mean squar prop rmsprop daili incid select best fit lstm model valu root mean squar error rmse mean absolut error mae mean absolut percentag error mape model combin roll forecast lower direct forecast model arima lstm shown forecast perform arima better lstm monthli weekli forecast lstm better arima daili forecast roll forecast model arima lstm use build predict model incid hemorrhag fever differ model suitabl incid predict differ time scale find provid good refer futur select predict model establish earli warn system hemorrhag fever
59861;fungal genu coccidioid compos speci coccidioid immiti coccidioid posadasii speci causal agent coccidioidomycosi pulmonari diseas known valley fever speci thought share genet materi gene exchang spite long diverg quantifi magnitud share ancestri them analyz genom popul sampl speci next infer expect size share haplotyp inherit common ancestor speci cutoff haplotyp conclus exchang speci final precis identifi breakpoint haplotyp cross speci boundari measur allel frequenc introgress sampl introgress uniformli distribut genom most all introgress segreg low frequenc result diverg speci share allel speci boundari porou highlight need systemat explor gene exchang fungal speci
59471;associ deform wing viru parasit mite varroa destructor identifi major caus worldwid honeybe coloni loss mite act vector viral pathogen trigger replic infect bee howev mechanist detail underli tripartit interact poorli defin and particularli caus viral prolifer mite infest bee here develop test novel hypothesi mite feed destabil viral immun control remov viru immun effector trigger uncontrol viral replic hypothesi ground predator prey theori develop volterra predict prey prolifer predat prey constantli remov system consist hypothesi experiment remov increas volum haemolymph individu bee result increas viral densiti contrast consist support altern propos mechan viral expans mite immun suppress within host viral evolut result suggest haemolymph remov play import role enhanc pathogen virul observ presenc feed varroa mite overal result provid new model mechan drive pathogen parasit interact bee ultim underpin honeybe health declin coloni loss
59430;heart transplant perform unit state new list continu increas new adult list heart transplant past decad posttranspl mortal declin number new pediatr list increas past decad did number pediatr heart transplant fluctuat occur recent new list pediatr heart transplant increas number pediatr heart transplant perform year increas slightli fewer short term long term mortal improv pediatr patient underw transplant die month year
