627848;precari employ mental health systemat review meta analysi longitudin studi
871232;associ parent self efficaci diet physic activ bodi composit cardiorespiratori fit swedish preschool result ministop trial
511964;veget cover relat socioeconom factor tropic citi assess sub met resolut imageri
575285;covid mitig behavior age group unit state april jun
707312;metformin suppress nrf mediat chemoresist hepatocellular carcinoma cell increas glycolysi
44142;therapeut effect safe use plant deriv polyphenol compound cardiovascular diseas review
813606;inositol hexakisphosph kinas promot focal adhes turnov interact dynein intermedi chain
656057;incomplet converg glide mammal skeleton
883989;contemporari multidisciplinari manag sinonas mucos melanoma
833384;effect phytolith rice straw biochar soil buffer capac ph silicon bioavail
471431;charact displac midst background evolut island popul anoli lizard spatiotempor perspect
473111;institut incorpor inequ case minor health inequ europ
672461;fractur nonunion clavicl surgic reduct year old girl case report
918029;nitric oxid phytohormon interact respons lactuca sativa salin stress
103949;predict factor clinicopatholog characterist sentinel lymph node metastasi t t breast cancer
604970;hsa circ suppress prolifer metastasi emt promot apoptosi non smal cell lung cancer mir p foxp pathway
769168;childhood maltreat associ chang mitochondri bioenerget matern neonat immun cell
99887;effect neighbour locat nutrient distribut root forag behaviour common sunflow
174079;mandat social disclosur analysi respons california transpar suppli chain act
300279;compar carbon footprint analysi dispos reusabl vagin specula
43073;capsaicin amelior nephrotox induc methotrex
511235;synergist effect liposom encapsul atorvastatin calcium curcumin target dysfunct endotheli cell reduc atherosclerosi
274222;updat recommend advisori committe immun practic use hepat vaccin postexposur prophylaxi preexposur prophylaxi intern travel
51545;explain high plant rich east asia time diversif tribe lysimachiea primulacea
275950;nitrogen addit reduc rhizospher heterotroph respir subtrop evergreen broad leav forest
628585;evalu effect surveil contain measur patient covid singapor januari februari
684201;make tumour cell type specif dissect ustilago maydis induc tumour develop maiz leav
413699;population bas analysi use radium bone metastat castration resist prostat cancer ontario factor associ treatment complet outcom
440186;color match pollen corolla hide pollen visual crypsi
586044;ponatinib novel multi tyrosin kinas inhibitor human malign
834247;simpl rule develop stakehold engag plan
634240;domest tether gender differ career path domest respons top research medic school graduat
571918;vitiligo lik lesion patient metastat breast cancer treat cyclin depend kinas cdk inhibitor case report literatur review
804907;thermodynam relativist quantum field confin caviti
679602;social prescrib nation health servic primari care ethic consider
94596;melbourn archaeolog world citi
280189;commun human care effect burnout nurs
456762;explor live experi long covid black minor ethnic group uk protocol qualit interview art bas method
725517;laminin collagen iv inclus immunoisol microcapsul reduc cytokine medi cell death human pancreat islet
822528;probabilist opinion pool imprecis probabl
385932;commun resourc mass explor wheat grain proteom applic late matur alpha amylas lma problem
504783;log soil nutrient independ explain plant trait express tropic forest
294113;prognost indic outcom hospitalis covid patient neurolog diseas individu patient data meta analysi
425975;twenty f year research institut entrepreneurship econom growth learn
148414;polygen evolut drive speci diverg climat adapt coral polygen climat adapt coral
939282;concurr chemoradi therapi tailor older adult esophag cancer state art futur
335260;palm commun transect soil properti western amazonia
102719;identif share gene signatur pathway polycyst ovari syndrom endometri cancer omic data base combin approach
905693;quercetin repair impair oxidant antioxid balanc tetrachlorodibenzo p dioxin induc cardiac injuri male rat
856608;mechanophenotyp d multicellular cluster use displac array render traction
138057;hydrograph biolog impact glacial lake outburst flood glof patagonian fjord
991339;test predict inclus fit theori inbreed rel biparent care
543832;frustrat care famili member experi motiv copd patient self manag
322849;bacillari layer detach multimod imag histolog evid novel optic coher tomographi terminolog literatur review propos theori literatur review propos theori
451804;examin util cystatin c confirmatori test chronic kidney diseas age rang middle ag older community dwel adult
530385;human n acetylglucosaminyltransferas ii substrat recognit use modular architectur includ converg exosit
927821;preval campylobact spp polish poultri meat
354714;emot reason human decision mak
709399;microrna p reduc herg rel current inhibit breast cancer cell prolifer
98312;reconstruct tibial plateau fractur malunion set larg cartilag defect adolesc case report
48677;percept use sit to stand desk middl school classroom
206429;rank rank group perform multiple pr contest
109266;evalu optic nerv diamet possibl biomark disabl patient multipl sclerosi
507225;oncolyt vaccinia virus medi antitumor effect cell prolifer promot ptc regul circrna mir a p il axi
589416;identif biomark autophagy rel gene earli advanc carotid atherosclerosi
282106;relationship red cell index sever chronic obstruct pulmonari diseas
512759;cost distrust virtuou cycl tax complianc jordan
829217;long noncod rna ilf as regul myocardi infarct mir p sirt axi pi k akt signal pathway
344765;weapon hidden underneath bio control agent potenti activ plant induc system resist control crop fusarium diseas
182196;covid associ mucormycosi evidence bas critic review emerg infect burden pandem s second wave india
461317;develop instrument measur academ resili pharmaci student
287631;supervisor subordin guanxi job satisfact migrant worker china
14749;caus mortal rate risk factor death community dwel european age year over result survey health age retir europ
142484;dna methyl singl nucleotid polymorph regul product aberr splice variant il r mastit cow
926585;unifi energet analysi unravel spcas cleavag activ optim grna design
126159;ctrp attenu express ln cav induc high glucos camkkβ ampk pathway rlsec
958446;daytim depress temperature normalis stem co efflux young poplar tree domin low turgor pressur intern transport respir co
482291;discoveri potent thrombin inhibitor protease focus dna encod chemic librari
841650;covari fetal skull matern pelvi perinat period rhesu macaqu evolut childbirth primat
150414;attenu serum hydroxyvitamin d vitamin d bind protein associ cognit impair patient type diabet
797315;increas branch sialyl n link glycan correl improv pharmacokinet profil bay compar full length rfviii product
730725;preval generalis anxieti disord clinic train student univers sharjah
845662;awar energi consumpt pro environment choic chines household
427362;anxieti stress trauma symptom african american neg affect doe explain relationship microaggress psychopatholog
724218;peer bas strategi overcom hpv vaccin inequ rural commun physic distancing compli approach
782093;repair chariti trust time accident crisi role crisi histori crisi respons strategi
553877;explor underli mechan shenyankangfu tablet treatment glomerulonephr network pharmacolog machin learn molecular dock experiment valid
467013;femal genit mutil migrat mali return migrant transfer social norm
136235;dynam earli serum tumour marker neutrophil to lymphocyt ratio predict respons pd pd l inhibitor advanc non small cel lung cancer
889621;unmask corpor sustain project level explor influenc institut logic individu agenc
823231;potenti yield loss dri bean crop weed unit state canada
931444;excitation multiplex multicolor superresolut imag fm storm fm dna paint
925350;sars cov circul itali earli decemb
634252;engin nanomateri challeng opportun nanomedicin
58896;lfa activ enrich tumor specif t cell cold tumor model synerg ctla blockad
332084;adult advanc life support intern consensu cardiopulmonari resuscit emerg cardiovascular care scienc treatment recommend
401861;test local adapt adult male femal fit popul evolv differ mate competit regim
13874;transpos temper phage promot evolut diverg social strategi pseudomona aeruginosa popul
880466;msh requir mainten low mutat rate plant mitochondri plastid genom
411974;autophag adapt oxid stress alter periton residenti macrophag surviv ovarian cancer metastasi
955054;prepar character vitro in vivo evalu lovastatin load plga microspher local administr femor head necrosi
567640;select structur allel variat bias plastic estim
378594;sexual harass sexual assault preval correl sexual trauma french militari
808326;peopl bitten dog cross sect survey preval incid factor associ dog bite uk commun
497716;associ neutrophil percentage to albumin ratio outcom cardiac intens care unit patient
677814;settlement hous experi recent immigr small mid siz citi interior british columbia canada
373408;hourli movement decis indic larg carnivor inhabit develop landscap
639164;bi dimension null model analysi presence abs binari matric
19800;synthesi character pharmacodynam studi enrofloxacin mesyl
146433;earli holocen wetland success lake flixton uk implic mesolith settlement
975350;ethic dimens zoonot diseas research perspect tradit livestock keeper zambia
741681;explor modular allosteri interchang regulatori domain
57691;propofol induc mitochondrial associ protein lrpprc protect mitochondria hypoxia cardiac cell
713967;cosmolog evolut semiloc string network
493392;model between popul variat covid dynam hubei lombardi new york citi
658572;woodi plant encroach amplifi spatial heterogen soil phosphoru consider depth
144192;suppress costimul human cytomegaloviru promot evas cellular immun defens
817526;manag citizenship behavior environ development perspect
555204;inhibit renin angiotensin caus concentr hypertrophi renal arteriol mice human
403190;gene cluster conserv provid insight cercosporin biosynthesi extend product genu colletotrichum
276191;asymmetr interfer competit nich partit nativ invas anoli lizard
382144;limit phenolog dietari overlap bee commun spring flower crop herbac enhanc
157080;inhibit cancer cell migrat cu msio peg nanoparticl repress mmp mmp express
15491;integr diseas manag chronic obstruct pulmonari diseas primari care control trial clinic program cohort studi
393540;simpl unbias osa prescreen introduct new morpholog osa predict score
267530;assess function statu intens care unit stay barthel index katz index
402939;consist end of lif care prefer hospit elderli patient primari famili caregiv
522654;field therapi solid organ transplant recipi initi earli enough
319692;evalu interrel symptom
24521;dynam effect isosteviol insulin secret inabl counteract impair β cell function gluco lipo aminoacidotox studi vitro
921179;diagnost valu novel eosinophil cation protein myeloperoxidas test paper treatment allerg rhiniti
441417;zinc chelat n n n n tetraki pyridylmethyl ethylenediamin reduc resist mycobacterium abscessu imipenem
361033;gut microbiota chang relationship inflamm patient acut chronic insomnia
296200;mode debond larg deform condit includ note cleavage peel transit
432545;individual species specif skin microbiom differ estrildid finch speci reveal amplicon sequenc
447201;chd regul cardiovascular develop atp depend independ activ
283529;acalabrutinib obinutuzumab versu chlorambucil obinutuzmab treatment na chronic lymphocyt leukaemia elev tn randomis control phase trial
799302;psychometr properti factor analysi famili accommod scale obsess compuls disorder interviewer rated thai version fas t
10268;size doe fit all altern values bas recip life satisfact
349555;regul altern macrophag activ msc deriv hypox condit medium tgf β smad pathway
158877;proteom analysi primari colon cancer synchron solitari liver metastasi
225613;regul fibroblast apoptosi prolifer microrna b system sclerosi
68551;trust stranger close acquaint member ingroup differ trust base social class spain
698459;clinic evalu ausdiagnost sars cov multiplex tandem pcr assay
889020;optic ray transfer matrix model turbul cell cascad
516785;abundance bas detect spatially explicit metapopul case studi vulner beetl speci hollow tree
854008;microbi commun structur function decoupl phosphoru gradient stream
687719;covid pandemic rel lockdown respons time import strict
161754;cleft lip palat context learn from ad to sociolog literatur long term condit
610885;n detect har slow relax properti nitrogen deliv enhanc resolut intrins disord protein
359178;control core compon user involv reablement qualit studi
912753;interspecif competit frugivor population level seed dispers contrast fruit commun
770027;surfac veloc northeast greenland ice stream negi assess interior veloc deriv satellit data gp
902849;assess strategi mitig phosphoru leach drain clay soil
10169;differ respons predat prey function divers fragment
361012;cost breed rapidli buffer affect migratori behavior long liv bird speci
320380;coinfect sars cov respiratori pathogen
715718;scientist s guid develop explanatori statist model use causal analysi principl
881733;test eco evolutionari predict use fossil data phylet evolut follow ecolog opportun
558505;action programmat approach address health dispar cultur compet pharmaci educ
790810;current advanc nanocarri technology bas activ cosmet ingredi beauti applic
862447;estim school race ethn enrol effect student mental health densiti divers risk protect factor
950096;land atmospher feedback exacerb concurr soil drought atmospher arid
927591;express mir human knee articular chondrocyt effect mir prolifer apoptosi articular chondrocyt
933964;open scienc reproduc transpar ecolog
770666;trauma rel cognit cognit emot regul mediat ptsd chang treatment seek active duti militari personnel ptsd
55242;analysi caus damag waterwal tube middl radiant section result test pk boiler
604007;preval hepat c viru infect genotyp subtyp migrant pakistan barcelona spain
990554;novel composit metric predict patient satisfact spinal cord stimul
721048;information seek strategi peopl multipl sclerosi spain infoseek m studi
609176;select inhibit β hydroxysteroid dehydrogenas type attenu high fat diet induc hepat steatosi mice
148663;circ upregul mapk express promot prolifer metastasi metabol abil thyroid cancer spong mir
245453;connect feedback self efficaci receiv provid peer feedback teacher educ
66753;long rang interdomain commun eif b regul gtp hydrolysi translat initi
361035;relationship triglycerid glucos index risk stroke elderli hypertens patient
107163;nake mole rat undergo development oncogene induc dna damage induc cellular senesc
30720;human adapt invas speci conceptu framework base case studi metasynthesi
160676;substanc abuse rel self stigma women substanc use disord comorbid posttraumat stress disord
715205;relationship inhal long act bronchodil cardiovascular outcom patient stabl copd meta analysi systemat review random trial
627631;atp a medi endo lysosom polyamin export counter mitochondri oxid stress
52039;role accultur social capit access health care meta studi hispan
335710;navig cognit bias search sustain
307746;sugar sweeten beverag intak adulthood adolesc risk early onset colorect cancer women
222543;effect hallux valgu surgeri qualiti life
856552;transnat welfar manag accommod transnat live norway
154577;brain to brain commun music improvis perform case studi
249872;promot mechan serum amyloid famili express mous intestin epitheli cell
42970;predictor visual impair follow paraclinoid aneurysm surgeri special consider surgic microanatomi relat paraclinoid structur
497235;homeologue specif express diverg recent form tetraploid capsella bursa pastori brassicacea
541996;long non cod rna linc serv spong mir p promot prostat cancer progress regul rab
107522;prison environ non communic chronic diseas modifi risk factor length incarcer trend analysi mexico citi
821207;relationship obesity rel anthropometr indic cognit function chines suburb dwel older adult
719606;asthma asthma control risk acut myocardi infarct hunt studi
435493;structur transit scaffolding driven assembl viral capsid
219263;nanoparticl deliveri immunostimulatori oligonucleotid enhanc respons checkpoint inhibitor therapeut
443738;happen next current knowledg clinic perspect pregnanc denial children s outcom
139369;dual self regul deliveri insulin glucagon hybrid patch
827769;disulfiram copper combin therapi target npl cancer stem cell extend surviv medulloblastoma model
505593;respiratori support clinic outcom critic ill patient covid intens care unit retrospect studi
735024;early lif injuri produc lifelong neural hyperexcit cognit deficit alter defens behaviour squid euprymna scolop
204738;curcumin protect radiotherapy induc oxid injuri skin
738719;root growth plastic drought seedl perenni grass
729533;consort statement extens randomis crossov trial
648188;review time scale fundament g formula insidi select bia
105780;genome wid express profil rna sequenc spinal cord dorsal horn rat chronic postsurg pain model explor potenti mechan involv chronic pain
775429;influenza hemagglutination inhibit antibodi titer mediat vaccine induc protect influenza b
385239;implement post occup evalu social hous complement bim case studi chile
681616;regul erk basal pulsatil activ control prolifer exit stem cell compart mammalian epidermi
667679;integr underli structur stochast commun ecolog
770085;parent well b time covid germani
171517;identifi combin effect share autonom vehicl congest price region job access
303206;snapshot current statu alzheim s diseas treatment perspect in vitro in vivo research studi futur opportun
208881;recoveri debt reveal ecosystem network bas approach
850255;genom analys provid insight evolut salin adapt halophyt tamarix chinensi
494069;physician experi sick absenc certif finland
68324;satr dl improv surgic skill assess task recognit robot assist surgeri deep neural network
243082;creat energi citizenship materi particip
742374;character wood properti cedrelinga cateniformi substitut timber use window manufactur outdoor applic
964612;proteom identif marker signatur mapki resist melanoma
489759;therapeut mk inhibit block patholog vascular smooth muscl cell phenotyp switch
146683;cd dynam calibr basal nf κb signal t cell thymic develop peripher activ
955359;canon noncanon ethylen signal pathway regul arabidopsi suscept cyst nematod heterodera schachtii
39770;thyroid replac therapi thyroid stimul hormon concentr long term health outcom patient hypothyroid longitudin studi
670118;seropreval effect hbv hcv co infect immuno virolog respons adult hiv infect person anti retrovir therapi
738712;chang non protein thiol root organ acid xylem sap involv cadmium transloc cadmium saf rice line oryza sativ l
34769;test telediagnost right upper quadrant abdomin ultrasound peru new horizon expand access imag rural underserv area
404257;measur properti promi short form pain function orthoped foot ankl surgeri patient
343640;ethic use social media data clinic context
79629;glucos trigger strong taxon specif respons microbi growth activ insight dna rna qsip
719275;surface modifi nanocellulos applic biomed engin nanomedicin review
638565;primari hepat neuroendocrin tumor mimick ruptur hepatocellular carcinoma afp elev case report literatur review
120594;photodissoci transit state character chirp puls millimet wave spectroscopi
219844;optofluid real tim cell sorter longitudin ctc studi mous model cancer
303603;human intestin bitter tast receptor regul innat immun respons metabol regul obes
467421;underrepresent hispan minor clinic trial recruit perspect
667365;recurrence fre surviv outcom base novel classif combin lymphovascular invas perineur invas t statu stage ii iii colon cancer
993184;mate choic pollut world consequ individu popul commun
831083;identif key gene function pathway radioresist non smal cell lung cancer
838456;effect covid lockdown human sleep rest act rhythm
62909;optim use perampanel asian patient epilepsi expert opinion
816949;comparison efficaci safeti transarteri chemoembol lenvatinib unresect hepatocellular carcinoma retrospect propens score match analysi
693688;patient dissoci corneal topographi epitheli map
694009;pdlim repress ro alveolar macrophag promot lung tumorigenesi
145152;releas activ peptidylarginin deiminas circul acut inflamm induc coronari arteri bypass surgeri
276634;major defect diagnost solid insul power transform
99745;promot adropin express hyperglycemia associ stat activ diabet rat
417515;classif geostatist index spatial depend
880877;insolubl polysaccharid sclerotium poria coco improv hyperglycemia hyperlipidemia hepat steatosi ob ob mice modul gut microbiota
466111;egfr medi tyrosin phosphoryl sting determin traffick rout cellular innat immun function
594393;nicorandil prior primari percutan coronari intervent improv clinic outcom patient acut myocardi infarct meta analysi random control trial
496079;percept versu prefer role self assess risk measur individu mitig behavior covid pandem
846183;f librari fluorin fsp rich fragment expediti f nmr base screen
799525;rapid repeat host plant shift drive reproduct isol follow recent human medi introduct appl maggot fli rhagoleti pomonella
289722;poa annua annual speci
542107;delirium assess tool use critic ill adult psychometr analysi systemat review
800430;identif transcript factor differenti express neuroinflammatori condit analysi rna seq dataset combin unconvent exploratori approach
167526;stakehold engag keep busi legitim austria s natur miner water bottl industri
737118;csr feminist organ studi integr theoriz analysi gender issu
575954;identif degrad signal carboxi terminu srebp new role domain cholesterol homeostasi
649379;cardiovascular risk health check perform opportunist follow invit letter cohort studi
862536;inositol polyphosph promot t cell independ humor immun regul bruton s tyrosin kinas
859220;camsap break homeostat microtubul network instruct neuron polar
606801;benefit individu feedback internet bas intervent depress random control trial
490869;doe health requir novel ethic framework
294729;commun scienc valid climat suitabl project ecolog nich model
966816;stereotact radiosurgeri manag limit brain metastes systemat review intern stereotact radiosurgeri societi practic guidelin systemat review intern stereotact radiosurgeri societi practic guidelin
892925;human nasal wash rna seq reveal distinct cell specif innat immun respons influenza versu sars cov
601409;earli tropic crop product margin subtrop temper polynesia
164223;mir p suppress non smal cell lung cancer tumourigenesi inhibit plk
676107;model select north american breed bird survey
426416;chelicerata sdscam isoform combin homophil specif defin uniqu cell recognit
971093;regular integr equat method elast scatter problem dimens
979285;studi variat differ express serum protein hainan black goat breed cycl use isobar tag rel absolut quantit itraq technolog
797619;legaci histor exploit natur resourc import summer warm recent biomass increas boreal arct transit region
756242;institut collect garden compar analysi urban commun garden anglophon german speak countri
13526;exposur heavi metal coal gangu soil outsid mine area use bcr convent vortex assist singl step extract method impact orchard grass
583611;antileishmani activ cytotox zno bas nano formul
710602;adapt text messag intervent promot well b health behavior adher patient cardiovascular diseas intervent design preliminari result
777035;provinci differenti effect intern migrat teenag fertil south africa
294068;classifi task perform electr line worker use wrist worn sensor data analyt approach
140149;finit element analysi two competing speci keller segel chemotaxi model
124587;transport engin nanoparticl soil aquif
225387;interst migrat employer to employ transit unit state new evid administr record data
950063;correct osteotomi physeal bar resect distal radial physeal arrest flexibl nail case report
625869;detect ferritin express soft tissu sarcoma mri potenti implic iron metabol therapi
103909;gibb paradox deriv composit entropi
546717;pcsk overexpress rectal cancer correl poor respons preoper chemoradiotherapi prognosi
165982;rifampicin conjug silver nanoparticl new arena develop antibiofilm potenti methicillin resist staphylococcu aureu klebsiella pneumonia
260977;influenc patient report treatment satisfact psycholog health qualiti life patient receiv divya swasari coronil kit covid find cross sect satisfact covid survey
215531;ampk mediat regul glomerular volum podocyt surviv
220960;discoveri terbinafin low suscept trichophyton rubrum strain japan
891476;understand evolv pandem analysi clinic time delay distribut covid unit kingdom
585345;angptl influenc therapeut respons patient neovascular age rel macular degener promot choroid neovascular
316207;factor influenc univers student intent use moodl studi macau
66726;benefit harm screen men abdomin aortic aneurysm sweden registry bas cohort studi
882796;improv recoveri ancient dna subfossil wood applic world s oldest late glacial pine forest
671396;appli innov model disast resili neighborhood level copewel new york citi experi copewel new york citi experi
877036;effect solidifc rate microstructur primari carbid aisi dc cold work tool steel
469853;new record updat checklist mosquito speci quintana roo mexico use dna barcod
190555;current perspect tube feed elderli identifi malnutrit provid enter nutrit
946137;prognost valu tp mutat locat metastat breast cancer detect next gener sequenc
48484;assembl membran domain atp synthas human mitochondria
528;suppress singl bahd gene setaria viridi caus larg stabl decreas cell wall feruloyl increas biomass digest
423820;associ atherosclerosi diabet retinopathi chines patient type diabet mellitu
221437;hematolog abnorm associ factor undernourish under f children attend univers gondar special referr hospit northwest ethiopia
733513;act volunt refuge local respons global challeng
365112;calcul densiti refract index vapor pressur nonelectrolyt binari solut
65348;length stay follow percutan left atrial appendag occlus data prospect multicent amplatz amulet occlud observ studi
681776;senkyunolid protect neural cell corticosterone induc apoptosi modul protein phosphatas a α synuclein signal
450913;multipl rout interspecif territori sister speci north american perch bird
649121;factor associ discontinu activ surveil men low risk prostat cancer population bas studi
721198;redox ph gradient drive amino acid synthesi iron oxyhydroxid miner system
26462;exosom β cell promot differenti induc pluripot stem cell insulin produc cell microrna depend mechan
73781;interrupt tgf β ccn integrin α β signal allevi high mechanical stress caus chondrocyt fibrosi
877977;distribut gap cataract surgeri care impact senior ontario
787482;estim skelet kinemat freeli move rodent
612263;radiolog correl vocal fold bow marker parkinson s diseas progress cross sect studi util dynam laryng ct
219639;understand clinician perceiv barrier facilit optim use acut oxygen therapi adult
810304;trajectori opioid coverag long term opioid therapi initi nation cohort veteran
53372;despit high object numeraci lower numer confid relat wors financi medic outcom
551230;population level mortal associ hiv exposur hiv uninfect infant botswana south africa model bas evalu
158993;multipl conjectur min max theori
411995;use regulatori stanc commerci determin health
118265;suscept brain atrophi trib alzheim s diseas evid function priorit imag genet
164823;iron regul transport play essenti role uptak transloc grain load manganes iron barley
948166;short time shift risk injuri danish hospit worker register bas cohort studi
572708;finit element method help explain fatigu crack growth retard acceler
482193;central role magnesium homeostasi adapt osmot stress
230567;clinic signific continu treatment nintedanib month idiopath pulmonari fibrosi real world set
199568;prepar optim concanavalin a conjug dynabeads magnet bead cut tag
63178;better characteris deep div whale distribut use prey distribut model output
949908;shape constraint econom oper research
517688;crocin act neuroprotect mediat methylphenidate induc neurobehavior neurochem sequela possibl role creb bdnf signal pathway
151478;treatment relaps acut leukemia ara c plu donor lymphocyt infus use cd cell reserv time allogen transplant
776510;copd anticoagul therapi time new approach
845247;interspecif prey neighborhood shape risk predat savanna ecosystem
266280;uterocerv angl cervic length tool predict preterm birth threaten preterm labor
683338;bicellular pollen modul dna replic pollen develop arabidopsi
135231;distribut experi demonstr widespread sodium limit grassland food web
463279;independ necess life satisfact necess opportun entrepreneur countri
856789;confid plant slow growth moder mediat model predict voic behavior power distanc orient team bas self esteem taiwanes nurs
94216;postpartum depress preval risk factor indigen non indigen immigr women canada
178375;mir antagomir reduc arrhythm risk myocardi infarct upregul cardiac sodium channel
265684;thermophys perform sm xlux tao x ceram
962271;direct select bodi size appar surviv cost larg wild new zealand giraff weevil
910554;impact insur coverag util prescript contracept evid afford care act
153706;evalu atsdr s mrl epa s rfcs rfd similar differ rational
428323;effect nicorandil neurobehavior function bbb integr edema stereolog paramet brain sub acut phase stroke rat model
220533;genom blueprint relaps fever pathogen th centuri scandinavia
663336;melatonin promot sleep activ bk channel c elegan
379341;nutrigenom studi hilsa evalu flesh qualiti attribut gene associ fatti acid metabol river hooghli padma
795505;waterfowl use tail pond comparison beaver pond boreal eastern canada
105835;fsip regul autophagi breast cancer
306534;prepar electrochem perform ultra thin reduc graphen oxide lithium metal composit foil
627010;influenc marit statu small intestin adenocarcinoma surviv analysi surveil epidemiolog end result seer databas
653139;consequ invas pollen transfer pollin reveal tropic island ecosystem
495077;game boy qualit studi experi commerci shelf game
412007;fundament character scratch resist automot clearcoat
126708;comparison major complic surviv rate surgic ligat use canin ductal occlud devic treatment dog left to right shunt patent ductu arteriosu
70489;real tim evolut support uniqu trajectori gener pollin
214314;digit treatment pain versu standard care cluster random control trial rise up
328719;anxieti depress medic doctor catalonia itali uk covid pandem
97596;support spartina interdisciplinari perspect show spartina distinct solid genu
862351;migrat soil microb promot tree seedl toler dri condit
694942;measur activ engag old age exploratori factor analysi
591293;acylcarnitin biomark diabet nephropathi
681236;stress induc antioxid defens protein chaperon respons freeze toler wood frog rana sylvatica
372274;emerg new sovereign wealth fund fashion phenomenon
659540;abelacimab prevent venou thromboembol
585532;unearth belowground bud bank fire pron ecosystem
320843;canadian upland forest soil profil carbon stock databas
734495;coffe consumpt all caus cause specif mortal meta analysi potenti modifi
506519;dynam hspa a redox statu spermatozoa fluid differ segment goat epididymi
446924;evalu asymmetr dimethylarginin serum level left ventricular function d speckl track echocardiographi children regular hemodialysi
701204;knockdown cahsp confer enhanc sensit heat stress pepper capsicum annuum l
911849;tensil test age flexibl unidirect composit lamin bodi armor
22219;evid map qualiti assess systemat review therapeut intervent oral cancer
196877;biomed potenti plant bas selenium nanoparticl comprehens review therapeut mechanist aspect
561520;clinic trial abcb mesenchym stem cell recess dystroph epidermolysi bullosa
288935;function character aluminum al induc transcript factor art reveal differ pathway al toler rice
261417;cerebr blood flow stroke patient sleep apnea role single night posit airway pressur therapi
491526;compar efficaci safeti non steroid anti inflammatori drug patient juvenil idiopath arthriti systemat review network meta analysi
439249;genom evolut arbuscular mycorrhiz fungu diversispora epigaea formerli glomu versiform bacteri endosymbiont
567357;identif immune rel gene patient acut myocardi infarct use machin learn method
612273;elastomer half mask respir altern dispos respir solut shortag public health emerg
284521;comparison result body mount inerti sensor assess final lame determin equid
344596;interwoven tradit bell beaker metallurgi approach social valu copper bauma del serrat del pont northeast iberia
960417;femal platelet distinct function activ compar male platelet implic transfus practic treatment trauma induc coagulopathi
585955;propagul equal trait veget fragment disturb regul invas success
265696;simultan bilater chronic volar lunat disloc case report
260583;malat promot cell tumorigen regul mir p eef axi non smal cell lung cancer
227117;state impos common pastor reintroduct brown bear pyrene
910926;whole genom dna methyl pattern complex associ gene express associ anthocyanin biosynthesi appl fruit skin
695943;econom reason want second child chang onset econom recess itali
109700;parp inhibitor metastat prostat cancer evid date
192375;three year outcom dorsal root ganglion stimul treatment neuropath pain peripher nerv injuri upper lower extrem
647984;influenc dietari habit depress patient rheumatoid arthriti cross sect studi use kurama cohort databas
33618;unregul antigen pres cell activ t cell break self toler
216863;structur function aspect interact partner small heat shock protein synechocysti
136571;alter glycerophospholipid fatti acyl metabol multipl brain region schizophrenia microbiota recipi mice
232445;mgreenlantern bright monomer fluoresc protein rapid express cell fill properti neuron imag
256299;enter fistula hip fusion mass year arthrodesi case report
533597;marin penetr injuri shoulder uncertain origin
306419;high express mir b predict poor prognosi patient ovarian cancer
893067;dung beetle medi soil modif data set analyz effect recent introduct soil qualiti
367375;arabidopsi translat initi factor eifiso g link repress mrna cap bind complex eifiso f assembl rna bind protein soar medi aba signal
83267;relationship cell surfac hydrophob biofilm format growth rate studi pseudomona aeruginosa staphylococcu aureu escherichia coli
273395;linc myh configur ino regul muscl stem cell number skelet muscl hypertrophi
429612;chronic pelvic diastasi year twin natur deliveri case report
161220;cost effici analysi improv web bas plan budget report planrep tanzania
565620;eif loop interact met trnai control accuraci start codon select scan preiniti complex
236795;abil nutrit mitig epigenet drift novel look regul gene express
169602;sustain face institut advers market turbul network embedded innov orient
199674;popul age migrat product europ
938364;novel synthet deriv biaryl guanidin potenti bace inhibitor treat alzheim s diseas in silico in vitro in vivo evalu
347738;bacteria push limit chemotact precis navig dynam chemic gradient
897700;ptenp pseudogen unlik pten gene methyl normal endometrium endometri hyperplasia carcinoma middle ag elderli femal
147562;effect temperatur germin western australian herbac speci
109278;electr control spatial resolut mixed dimension heterostructur photodetector
218002;mutat ephb caus human venou valv aplasia
403954;cancer metastas lung adenocarcinoma disappear molecular target therapi success clinic treatment experi
756425;ipo firm perform link board offic gender family ti demograph
601545;neighbourhood dispar price cheapest cigarett usa
997357;plu greater two mix litter type acceler decomposit low qual alpin dwarf shrub litter
219360;molecular structur electron distribut nitropyridin n oxid experiment theoret studi substitu effect
986203;secondari osseou integr cementless unicompartment knee arthroplasti intern fixat felix type iiib fractur case report
62887;minim invas transforamin lumbar interbodi fusion use banana shap straight cage radiolog clinic result prospect random clinic trial
305138;link econom growth pathway environment sustain understand develop altern social ecolog regim
122173;integr comput vision technolog smart surveil purpos
648134;better predict long term benefit risk weed biocontrol evolutionari perspect
614142;factor associ turnov intent healthcar worker coronaviru diseas covid pandem china
184655;talk benefit breastfeed signific default represent infant feed
491262;surgic white matter chassi practic dimension atla plan subcort surgic trajectori
979406;manag foreign organ materi identifi primari total knee arthroplasti case report
972447;genom determin pathogen sars cov human coronavirus
46866;lumbar spine surgeri lost era coronaviru pandem survey lumbar spine research societi survey lumbar spine research societi
724679;target knockout chemokine lik gene increas anxieti fear respons
743573;new perspect predict postop complic high risk ulcer coliti patient machin learn preliminari approach
367167;markovian approach model intracellular reaction process molecular memori
270408;effect deep cryogen cycl treatment structur properti metal glass review
78711;plasma exchang glucocorticoid sever anca associ vascul
408701;tyrosin phosphoryl ampa receptor subunit glua gate homeostat synapt plastic
86715;exagger meta percept predict intergroup hostil american polit partisan
715624;electroacupunctur therapi inflamm regul current perspect
466413;project pursuit high dimens
825916;semaglutid allevi hepat steatosi t dm combin nfald mice mir abhd
439632;bcl modul tissu neutrophil surviv exacerb pulmonari inflamm follow influenza viru infect
140871;serum exosom mirna novel liquid biopsi identifi leptomening metastasi non smal cell lung cancer
720763;effect digit platform bas implement strategi prevent work stress healthcar organ month follow up control trial
329396;dna nanoswitch barcod multiplex biomark profil
783821;fluctuat norm rehabilit practition perspect ambigu uncertainti work person disord state conscious traumat brain injuri
184862;interdisciplinari work public health research propos good practic checklist
834096;improv eeg bas motor imageri classif spatial tempor recurr neural network
215745;diagnosi guillain barré syndrom total hip arthroplasti case report
741465;serotonin transporter medi molecular axi regul region retin ganglion cell vulner axon regener nerv injuri
269355;start parent isol qualit user initi studi parent experi hospit neonat intens care unit covid pandem
371102;synergi multipl zeitgeb tune entrain
791512;root induc soil acidif cadmium mobil rhizospher sedum plumbizincicola evid high resolut imag studi
920055;right w popul self rat health europ multilevel analysi
555082;organ farm local landscap scale foster biolog pest control vineyard
667383;assess math anxieti elementari schoolchildren spanish version scale earli mathemat anxieti sema
60567;rip kinas mediat angiogenesi modul macrophag experiment neovascular
11032;know enough have enough feel want challeng commun health worker provid matern newborn servic africa asia
84170;blue light signal transduct pathway involv anthocyanin accumul red zaosu pear
704624;preval diabet mellitu novel coronaviru meta analysi
762583;rickettsia conorii o antigen target bactericid weil felix antibodi
47220;abdomin aortic aneurysm natur histori pathophysiolog translat perspect
722063;microribonucl acid a p alter adriamycin resist breast cancer cell target cell divis cycle associ protein
67576;cancer mut network number specif driver mutat
737292;linear hypothesi test high dimension gener linear model
635010;host parasit coevolut promot evolut seed bank bet hedg strategi seed bank host parasit coevolut
863504;scale depend effect host patch trait speci composit stickleback parasit metacommun
442;high preval low allele fract somat mutat stat peripher blood cd cell multipl sclerosi patient control
91018;hysterectomi perceiv physic function middle ag australian women year population bas prospect cohort studi
31492;metric sexual select conform bateman s principl wind pollin plant
459919;scope review active learn strategi teach social determin health pharmaci
186744;markov model elucid alloster regul
638340;correl evolut self interspecif incompat rang texa wildflow
383453;challeng battl plant phloem feed insect prokaryot pathogen
878341;diosmetin inhibit cell prolifer induc cell apoptosi cell cycl arrest liver cancer
413280;penicillin trunk inject affect bacteri commun structur citru tree
388212;coloni ascidian strongli prey upon domin substrat subtrop foul commun
109188;low penetr suscept variant postmenopaus oestrogen receptor posit breast cancer
389150;antioxid activ recombin rat hepat fatti acid bind protein t a variant
546337;short term effect corona viru diseas vaccin menstrual cycl
843162;character knowledg educ receiv train systemat literaci instruct
483083;preval extended spectrum β lactamas carbapenemas produc gram neg bacteria methicillin resist staphylococcu aureu isol diabet foot ulcer patient ethiopia
657256;terrestri passiv acoust monitor review perspect
772536;acalabrutinib therapeut potenti treatment chronic lymphocyt leukemia short review emerg data
778013;group sing improv depress life qualiti patient stabl copd random community bas trial china
500354;determin qualiti life women immedi follow complet primari treatment breast cancer cross sect studi
841935;safe reopen colleg campus covid univers california experi fall
256385;heart rate variabl occup stress systemat review
703331;quantifi causal pathway contribut natur select
173597;redefin bilingu spectrum experi differenti affect brain structur function
510791;optim sequenc avail therapi line advanc prostat cancer
64318;hyperbar oxygen therapi covid patient respiratori distress treat case versu propensity match control
439329;plasmodesm regul plant pathogen interact
194404;patient use self monitor app eat disord treatment naturalist longitudin cohort studi
456635;relationship body round index metabol syndrom type diabet
435768;fertil famili size prefer contracept use sub saharan africa
871117;differenti diagnos food rel gastrointestin symptom patient anorexia nervosa bulimia nervosa review literatur
805467;bcg vaccin protect sever coronaviru diseas covid
315728;effect warn messag driver s stop go decis red light run behavior fog condit
905419;target co sleep children anxieti disord use modifi bedtim pass intervent case seri use chang criterion design
260113;β glucan saccharomyc cerevisia allevi oxid stress lps stimul raw cell dectin nrf ho signal pathway
622382;role microvesicl tumor progress clinic applic
292208;short term exposur fine particul matter hospit admiss risk cost medicar popul time stratifi case crossov studi
796256;bidirect titrat yeast gene express use pool crispr guid rna approach
666066;clinic characterist outcom covid hospit patient chronic condit retrospect single cent studi
918387;integr bim vr implement ipd mode transport infrastructur project design case applic
362485;burrow crab weaken mutual foundat speci
187890;trade off toler resist infect experiment approach malaria parasit passerin bird
855038;ecophysiolog properti biolog soil crust type photoautotroph succul karoo south africa
702380;matern mortal georgia incid caus level underreport nation reproduct age mortal studi
497034;day mitral valv reconstruct chang year
753732;weed suppress cover crop monocultur mixtur
675394;rel contribut dnra denitrif nitrat reduct thalassia testudinum seagrass bed coastal florida usa
210405;liver master servant serum proteom
238598;cytochrom p cyp a key product hederagenin bas saponin mediat plant defens herbivor
484327;recent insight nanomedicin augment infect control
847207;soft conduct micropillar electrod array biolog relev electrophysiolog record
419087;plant speci domin increas pollin complementar plant reproduct function
843267;anchor techniqu use long bent rod open reduct thoracolumbar disloc
573103;interfaci fluid transport key hydrogel bioadhes
291866;trna pseudouridin synthas trub regul matur let mirna
706428;enhanc growth salt toler tomato seedl natur halotoler actinobacterium glutamicibact halophytocola klbmp isol coastal halophyt
789995;syndrom inappropri antidiuret hormon secret siadh optim manag
966334;unilater cleft lip nasal deform three dimension analysi primari deform longitudin chang follow primari correct nasal foundat three dimension analysi primari deform longitudin chang follow primari correct nasal foundat
851324;artifact d new softwar accur object effici d analysi document archaeolog artifact
56607;circul tumor dna current challeng clinic util
4751;cardiovascular risk factor event iranian immigr versu immigr middl east
386033;metabolit bind protein moonlight bile respons chaperon
612677;artifici neural network model liver cirrhosi diagnosi patient hepat b virus rel hepatocellular carcinoma
583683;share extrem ectotherm endotherm bodi elong mustelid associ small size reduc limb
102048;rangeland share cattl bee moder graze doe impair bee commun resourc avail
841566;spatial analysi g f fuscip abund uganda use poisson zero infl poisson regress model
522176;insect pectin antenna maxim odor captur effici intermedi flight speed
15260;nodular fasciiti breast mimick phyllod tumor case report literatur review
775810;differenti characterist acinetobact baumannii colon infect risk factor clinic pictur mortal
361948;long covid health inequ role primari care
738979;post covid vaccination associ neurolog complic
12251;individualis comput model immun mediat diseas onset flare clearanc psoriasi
961423;boni labyrinth morphometri reveal hidden divers lungless salamand famili plethodontida structur correl ecolog develop vision inner ear
902480;self med practic associ factor univers gondar colleg medicin health scienc student cross sect studi
849919;macrocycl asparaginyl endopeptidas
597100;death year potenti life lost excess alcohol use unit state
796841;mads box gene underground mainstream plant root development mechan
938642;select serotonin reuptak inhibitor ssri serotonin norepinephrin reuptak inhibitor snri pregnanc risk autism spectrum disord asd attent deficit hyperact disord adhd offspr true effect bia systemat review meta analysi
596128;herbivor fish rise destruct fish practic fall indonesian marin nation park
977360;cross sect averag length life childless
319567;use bodi composit assess evalu doubl burden malnutrit
580184;methylcrotonoyl coa carboxylas promot prolifer migrat invas inhibit apoptosi prostat cancer cell regul glud p mapk signal pathway
143249;platelet rich plasma manag chronic low pain critic review
115476;treatment chondroblastoma denosumab case report correl analysi effect rank signal pathway
916513;mutual interplay il produc γδt cell microbiota orchestr oral mucos homeostasi
259218;use partial squar identifi dietari pattern associ obes nationally repres sampl canadian adult result canadian commun health survey nutrit
448992;dynam reflect multidimension health poverti pakistan
45668;maackiain protect kidney type diabet rat modul nrf ho tlr nf κb caspase pathway
126353;second ord effici algorithm coupl nonlinear model groundwat transport
777176;novel timosaponin aiii bas multifunct liposom deliveri synergist therapi hepatocellular carcinoma cancer
532885;fabp inhibitor attenu inflamm endoplasm reticulum stress islet leptin receptor knockout rat
459026;elucid g overshoot soft materi yield transit time resolv experiment strain decomposit
534907;cellular mechan treatment chemobrain insight age neurodegen diseas
630505;untold stori human cervic cancer hpv neg cervic cancer
786844;critic period regul multipl timescal
603127;publicli fund health care pregnant undocu immigr achiev moral progress overlap consensu
574876;risk factor nonalcohol fatti liver diseas postmenopaus women type diabet mellitu correl bone miner densiti differ locat
13534;excited st proton transfer reliev antiaromat molecul
905589;enclos pen postal questionnair follow up increas respons rate studi trial
219337;german univers multipl hybrid organ
274662;evid human medi rang expans gene flow invas grass
454801;human eutroph drive biogeograph salt marsh product pattern china
340459;medic school wrong applic pool
642166;ast improv cardiac dysfunct acut kidney injuri mice suppress apoptosi proinflammatori nf κb icam signal
466098;longitudin genotype phenotyp analysi patient pax rel aniridia
579068;respiratori symptom cardiovascular caus death population bas studi year follow up
225081;factor influenc public knowledg willing particip biomed research jordan nation survey
558146;involv ddah activ spinal no signal earli stage mechan allodynia induc exposur ischem stress mice
990729;arabidopsi ubiquitin specif proteas ubp ubp shape ore level leaf senesc induc nitrogen defici
21574;oppos indirect effect domest herbivor saltmarsh eros
863660;fecal microbiom profil neonat dairi calv vari sever gastrointestin diseas
230430;matern metabol health drive mesenchym stem cell metabol infant fat mass birth
461109;corticosteroid critic covid corticosteroid equal
915510;associ air pollut year clinic outcom patient acut myocardi infarct
847364;nk cell associ al sex age depend manner
961490;enabl earli detect osteoarthr presymptomat cartilag textur map transport bas learn
334277;novel chitosan oligosaccharide bas nanoparticl gastric mucos administr phytochem apocynin
998261;biomechan evalu preliminari clinic result anterolater screw fixat obliqu lumbar interbodi fusion surgeri
856778;ultrasound assist prepar exopolysaccharide nystatin nanoemuls treatment vulvovagin candidiasi
468818;matern brain women histori early lif maltreat imagination bas fmri studi conflictu versu pleasant interact children
580354;demographi select shape transcriptom diverg field cricket evolutionari forc shape genet variat
74356;determin covid vaccin hesit spectrum
409269;revis later ankl reconstruct year chrisman snook procedur case report
306306;iceberg sea ice blue carbon antarct climat feedback
530793;xanthelasma palpebrarum brief review
159954;development chang myocardi b cell mirror chang b cell associ differ organ
65084;unpack role telecommut s job perform examin job complex problem solv interdepend social support
250700;effect yupingfeng granul acut exacerb copd random placebo control studi
788422;new perspect predict statist quantif extrem event high dimension dynam system
39317;cortic activ attack ménièr s disease a case report
705736;temperatur account biodivers hyperdivers group insect urban lo angel
864388;effect open trial internet deliv parent train young children conduct problem live region rural australia
196532;kdm b protect obes metabol dysfunct
739042;predict function respons agro ecosystem anim movement data improv manag invas pest
7098;origin transpar scatter biomimet collagen materi
731876;quantit studi geometr characterist format mechan poros defect select laser melt ti al v alloy micro comput tomographi
545354;deoxy δ prostaglandin j potenti regul bone metabol pparγ depend independ pathway review
71029;parvalbumin interneuron ventral hippocampu function discrimin social memori
175664;use intervent map behavior intervent technolog framework develop mhealth intervent physic activ sedentari behavior chang
44510;predict graduat rate year broad access institut use bayesian model approach
272029;target therapi advanc metastat cholangiocarcinoma focu clinic potenti infigratinib
438008;guava leaf extract attenu insulin resist pi k akt signal pathway type diabet mous model
394275;comparison periop outcom single port multiport robot assist laparoscop prostatectomi
213068;cultur revolut reduc complex song humpback whale
539517;variant cdhr cacnac lta gene predispos sensit respons warfarin patient cardiovascular diseas
804465;studi tissu macrophag vitro ipsc deriv cell answer
850449;evalu modifi atria risk score predict mortal hospit patient covid
29989;impact coronaviru diseas pandem emerg depart servic experi largest tertiari center taiwan
303028;motil curv bacteria pareto optim
651585;recommend advisori committe immun practic use hepat b vaccin novel adjuv
363197;enhanc oral bioavail ibandron gastroretent raft form drug deliveri system vitro vivo evalu
103998;commun effici success test macarthur s minim principl phytoplankton commun
446443;autofluoresc bronchoscopi video analysi lesion frame detect
427689;artifici select shed light development mechan limb elong development mechan limb elong
144028;popul project model alien plant speci presenc absenc aboveground competit
78308;ultrafin particl emiss modern gasolin diesel vehicl electron microscop perspect
702931;disclosur respons corrupt scandal case siemen ag
858281;proven karakum desert sand turkmenistan lithic rich orogen signatur central asian dune field
730661;all us research program
552985;drive crazi difficult social tie subject well b
748269;detect quantif black foot crown root rot pathogen grapevin nurseri soil western cape south africa
916429;age lung idiopath pulmonari fibrosi
789876;psvii effect feed direct f microbi perform carcass trait finish bo indicu cattl
804645;surfac curvatur guid earli construct activ mound build termit
842940;effect vision health educ free eyeglass knowledg vision usag spectacl primari school student evid gansu shaanxi provinc china
712958;relationship sunlight rang use commerci free rang hen australia
168427;cinamr clinic inform network antimicrobi resist project pilot microbi surveil use hospit link region laboratori kenya studi protocol
202809;nlcip non smal cell lung cancer immunotherapi prognosi score
440902;commun risk percept complianc prevent measur covid pandem ethiopia
975172;sever cervic kyphosi spondyloptosi myelopathi larsen syndrom report case
661784;brain activ associ anticip deliveri monetari reward systemat review meta analysi fmri studi
646367;rapid diagnost test mening encephalitis biofir
192837;instrument patient educ psychometr evalu expect knowledg ekhp receiv knowledg hospit patient rkhp
335691;improv age measur low middle incom countri comput vision test seneg
587690;antibody medi crosslink gut bacteria hinder spread antibiot resist
496509;contemporari loss migrat monarch butterfli
284930;investig persist suicid unit state evid quantil unit root test
402317;overview electron tongu sens environment aqueou matric potenti monitor emerg organ contamin
287650;novel anti obes mechan liraglutid improv adipos tissu leptin resist high fat diet f obes mice
561961;volatil biomark symptomat asymptomat malaria infect human
8196;welfare fund sex doula programm
35345;repeat group differ collect behaviour stickleback shoal ecolog context
38507;elicitor defens gene induct plant alter lignin composit
128712;loss supervillin caus myopathi myofibrillar disorgan autophag vacuol
310413;strain induc acceler asymmetr spatial degrad polymer vascular scaffold
366267;partner switch metabol flux model cnidarian dinoflagel symbiosi
946689;determin neurotransmitt rat brain studi hypnot effect ziziphi spinosa semen aqueou extract insomnia rat model uplc ms m
127374;shorter sleep predict longer subsequ day sedentari durat healthi midlif adult sleep apnea
774615;target exosom new biomark therapeut approach alzheim s diseas
579106;morphogenesi termit mound
863975;cryo em structur nativ butyrylcholinesteras tetram reveal dimer dimer stabil superhel assembl
821870;enhanc anti bacteri activ biogen silver nanoparticl synthes terminalia mantali extract
700962;relationship estrogen synthesi capac brain obes self control men women
389132;chang nutrient cycl lake baikal world s oldest lake
593311;forc distribut multiscal mechan mussel byssu
673507;evolutionari histori buildup breakdown heterostyl syndrom plumbaginacea
476316;retrospect studi long term follow up vitiligo patient treat autolog non cultur melanocyte keratinocyt transplant
286982;factor influenc treatment adher drug sensit tuberculosi ds tb patient armenia qualit studi
968993;circgfra enhanc nsclc progress spong mir p
447111;racial dispar concuss knowledg symptom recognit american adolesc athlet
997314;find haplotyp signatur protein
183033;age rel defect autophagi alter secret paracrin factor bone marrow mononuclear cell
4755;choic high qual mate versu avoid low qual mate
638816;foxa suppress satb transcript inactiv wnt β catenin pathway allevi diabet nephropathi mous model
7961;econom expenditur recreat angler recov atlant bluefin tuna fisheri
737457;detect pathogen non pathogen bacteria drink water associ biofilm crow reserv montana usa
396312;nonproteinogen deep mutat scan linear cyclic peptid
282009;proanthocyanidin risk prostat cancer itali
720272;cadasil mutat sensit brain ischemia spread depolar abnorm extracellular potassium homeostasi
28656;empir evid larg marin predat forag behavior consist area restrict search theori
924191;effect ht receptor ligand combin haloperidol risperidon antidepressant anxiolytic lik behavior bdnf regul hippocampu prefront cortex rat
682141;prosod ident copi epenthesi evid correspondence bas approach
137745;effect landscap complex pollin moder pollin associ mass flow crop
129248;systemat review scope analysi smoke cessat urolog cancer diagnosi
488957;medicaid medic cost associ hypertens diabet statu women alabama
406708;variant sars cov effect infect transmiss neutral vaccine induc antibodi
531638;short term spatial tempor carbon chemistri variabl contrast seagrass meadow implic ph buffer capac
7718;network motif tell resili reliabl complex network
115973;profil analysi psycholog symptom associ misophonia commun sampl
128705;evalu punarnavadi mandura haematin activ mercur chloride induc anemia albino rat
655063;combin freezing thaw pretreat microbi electrolysi cell enhanc highli concentr organ degrad dewat sludg
775683;religion volunteer health religi peopl realli do do good
805495;interrel ecolog impact climat chang apex predat
143720;magnitud unintend pregnanc associ factor pregnant women debr marko town east gojjam zone northwest ethiopia cross sect studi
236937;time evolutionari innov scenario evolutionari diversif species rich fungal clade boletal
55132;rewild done whi q method studi view held european rewild advoc
961415;quantit analysi cake characterist base sem imag coagulation ultrafiltr process
19269;psycholog distress frontlin worker covid pandem mixed method studi
797407;spread colon pattern candidatu phytoplasma aurantifolia lime plant citru aurantifolia christm swingl reveal real tim pcr assay
529159;covid vaccin effect dose oxford astrazeneca vaccin health profession low incom countri ethiopia
810276;long non cod rna new player cervic carcinogenesi updat
790558;non cod rna transpos element plant genom emerg regulatori mechan role plant develop stress respons
887880;inform consent therapeut misconcept unrealist optim
442282;kelli punch punctoplasti simpl punctal dilat equal effect punctal stenosi prospect studi
113412;measur properti depress questionnair patient diabet systemat review
249479;pet owner knowledg attitud judici use antimicrobi companion anim
758978;anatom constraint nonstomat diffus conduct photosynthesi lycophyt bryophyt
589056;role cytokin releas pyroptosi non smal cell lung cancer
980421;potenti mechan s baicalensi lipid metabol explor network pharmacolog untarget lipidom
630403;energi manag campu microgrid state of the art futur challeng
958207;bidirect adapt introgress ecolog diverg sparrow speci
378680;evalu potenti use electron tongu earli identif diagnosi bacteri infect
378423;quantum optic approach radiat atom fall black hole
585545;efficaci safeti febuxostat versu allopurinol hyperuricem patient gout meta analysi
999809;discord evalu plantar footprint kidney transplant
382970;mechan contribut secondari phloem postur control tree bark forc
815762;chronic subleth effect high temperatur caus sever declin southern african arid zon bird st centuri
687383;recurr metastat penil cancer patient posit pd l express obtain signific benefit immunotherapi case report literatur review
665595;tale enso pdo increas arid impact drought decidu shrub death valley region
765329;antimicrobi quercetin o glucosid deriv isol streptomyc antibioticu strain ess ama
618463;mmse subscal score use predictor ad convers mild cognit impair
399942;ancient human parvoviru b eurasia reveal long term associ human
209345;gener drive abund comput causal discoveri approach
710029;applic picker emuls cyclodextrin emulsifi transderm drug deliveri vehicl
305528;pulmonari deliveri transferrin receptor target peptid surface function liposom augment chemotherapeut effect quercetin lung cancer therapi
767270;occup risk cutan larva migran case report systemat literatur review
28293;high refug avail coral reef increas vulner reef associ predat overexploit
515532;barrier get postgradu specialti train junior australian doctor interview bas studi
401003;hybrid genet algorithm solv unrel parallel machin schedul problem sequenc depend setup time
817018;understand low copd exacerb rate japan review comparison countri
124865;oshop regul matur crossov promot homolog pair synapsi rice meiosi
527391;pathogenesi therapeut target spinal muscular atrophi sma
281453;vascular endotheli growth factor antagonist promis player treatment neovascular age rel macular degener
199936;combin antiemet therapi chemotherapy induc nausea vomit patient nsclc receiv carboplatin bas chemotherapi
252089;influenc cell qualiti inflammatori biomark copd sputum supernat
392850;studi protocol innov support patient sars cov infect registri inspir longitudin studi medium long term sequela sars cov infect
251054;vitro antibacteri effect deconex sodium hypochlorit bacteri taxa isol dental unit
175921;semiarid ecosystem sensit precipit extrem weak evid veget constraint
604518;combin hiv sequenc integr site analysi inform viral dynam allow reconstruct replic viral ancestor
339972;identif circrna mirna mrna regulatori network autophagi interact network atrial fibril base bioinformat analysi
631978;rainfal temperatur chang drive arnica montana popul dynam northern distribut edg
851424;triacylglycerol phytyl ester synthesi synechocysti sp pcc
25914;quercetin inhibit epithelial to mesenchym transit emt process promot apoptosi prostat cancer downregul lncrna malat
984250;enhanc urban transform capac children s particip plan
321030;case report covid elderli patient sars cov trigger myositi
296987;b cell migrat remot brain area support neurogenesi function recoveri focal stroke mice
113027;transcript analysi lung fibroblast identifi pim signal driver aging associ persist fibrosi
672655;inform design book symposium luciano floridi s logic inform
662967;methan emiss tree stem new frontier global carbon cycl
297741;synthesi situ behavior c isotopom p phenylenediamin reconstruct human epidermi use high resolut magic angl spin nmr
430172;current knowledg satisfact use e health mobil applic seha gener popul saudi arabia cross sect studi
332384;landscap context explain ecosystem multifunction restor grassland better plant divers
604204;neutrophil suppress tumor infiltr t cell colon cancer matrix metalloproteinase medi activ tgfβ
755022;burnout associ factor nurs work public hospit harari region dire dawa administr eastern ethiopia cross section studi
964566;intern stigma patient schizophrenia hospital bas cross sect studi nepal
611719;dissoci motor learn de adapt patient function gait disord
786511;use field data quantifi chemic impact wildlif popul viabil
279264;human modifi landscap alter mammal resourc habitat use trophic structur
104;utero human intestin harbor uniqu metabolom includ bacteri metabolit
470689;innov therapi nanomedicin applic treatment alzheim s diseas state of the art
760659;speci contracaecum parasit magellan penguin spheniscu magellanicu spheniscida argentinean coast
381664;chang mammography rel belief american muslim women find religiously tailor mosque bas intervent
376953;therapeut effect anti bon morphogenet protein activin membrane bound inhibitor treatment psoriasi arthriti
80916;deprescrib older patient narr review challeng solut
322884;genet variant solut carrier famili member gene risk develop type diabet
142728;antimalari antibodi repertoir defin plasma ig proteom singl b cell ig sequenc
830432;inactiv varicella zoster vaccin autolog haemopoiet stem cel transplant recipi intern multicentr randomis double blind placebo control trial
673473;evalu efficaci alcohol bas hand sanit sold southwest ethiopia
977239;myocardi atp deplet detect noninvas predict sudden cardiac death risk patient heart failur
77633;bridg brexit divid effect brief befriend medit affect polar
389733;measur driver disrespect abus obstetr care
331586;role infecti diseas evolut femal evid anther smut diseas gynodioeci alpin carnat
273350;sperm perform limit reproduct invas fish novel salin
17753;high plasma hydroxyvitamin d high risk nonmelanoma skin cancer mendelian random studi individu
896054;sexual reproduct fungal foliar pathogen zymoseptoria tritici driven antagonist densiti depend mechan
210329;fine tun plant domestication reduc defens hypothesi specialist vs generalist herbivor
857395;connect cell cycl cell adhes cytoskeleton
507541;long term dynam driver coral macroalg cover inshor reef great barrier reef marin park
11680;suitabl map manag aquif recharg review multi criteria decis analysi studi
377940;abus supervis organiz dehuman
116357;simultan normal form transform model ord reduct system coupl nonlinear oscil
218684;measur poverti multipl dimens case vietnam
365228;preval determin hypertens disord pregnanc ethiopia systemat review meta analysi
381265;sustain curcumin releas plga microspher improv bone format diabet condit inhibit reactiv oxygen speci product
104883;knowledg attitud practic breast cancer mammographi screen jordanian women
861347;bioinformat analysi identif potenti gene interact therapeut target atrial fibril
418632;maldi tof ms detect endophyt bacteria associ great nettl urtica dioica l grown algeria
729982;dna rna oxid damag mortal patient covid
234048;defin dual axi landscap gradient human influenc studi ecolog process
675589;cross genotyp protect live attenu vaccin candid sever fever thrombocytopenia syndrom viru ferret model
120931;review dispos duodenoscop era climat change a global perspect
131806;new trend scienc commun foster evidence inform policymak
656144;cxcr st memori t helper cell induc express major basic protein eosinophil reduc fecund helminth
506322;preval proteinuria hematuria rural popul southwest iran
910679;driver demograph consequ season mass chang alpin ungul
607473;leptoquark meet ε ε rare kaon process
353285;region knowledg entrepreneuri cultur innov start up time space an empir investig
802691;vitamin d bind protein defici homozyg delet gc gene
368783;cellular interact constrain tumor growth
709120;relationship maximum tongu pressur second formant transit speaker differ type dysarthria
368809;antimicrobi activ brassica rapa l flower extract gastrointestin tract infect antiulc potenti indomethacin induc gastric ulcer rat support metabolom profil
934827;coastal hazard submarin canyon activ insular volcano exampl lipari island southern tyrrhenian sea
575030;deepclem autom registr correl light electron microscopi use deep learn
448944;hsa circ inhibit tumorigenesi downregul colorect cancer
57224;univers amplification fre molecular diagnost billion fold hierarch nanofluid concentr
63959;zinc isotop fraction grain fill wheat comparison zinc cadmium isotop ratio ident soil plant system
883193;impact lower level manag volunt workplac outcom south african non profit organis mediat role support supervisor commun
399343;sexual dimorph respons herbivori competit dioeciou herb spinacia oleracea
800181;abscis acid signal mediat biomass trade off alloc poplar
69252;global burden ischem heart diseas attribut risk factor secondari analysi base global burden diseas studi
996362;parent invest birth sibl effect famili size low fertil china
864681;osteoblast specif inactiv p result local increas bone format
305458;microbi expansion collis dynam promot cooper coexist surfac microbi expansion collis dynam
397260;hos transcript corepressor npr mediat gene activ plant immun
793238;b cell receptor ligat induc display v region peptid mhc class ii molecul t cell
68041;ironing out detail new strategi combin ferroptosi inhibitor immunotherapi melanoma
751667;doe except preserv distort view dispar fossil record
645974;cost effect control gestat diabet mellitu systemat review
270880;differ approach analysi caus death covid epidem
662846;comparison linol acid contain water in oil emuls urea contain water in oil emuls treatment atop dermat random clinic trial
398102;suppress innat immun mediat cdpk rboh complex requir rhizobi colon medicago truncatula nodul
276707;regul double strand rna respons adar licens metaplast reprogram gastric epithelium
745130;lncrna tbx as regul tumor progress pi k akt pathway non smal cell lung cancer
20742;fkbp act biomark earli metastasi relat carmustin sensit human glioma cell
90434;clinicopatholog characterist clinic outcom pure type mix type tubular carcinoma breast single institut cohort studi
719682;omit variabl bia studi plant interact
409982;dehydr fractur medic issu face peopl cross unit state mexico border
63762;function complementar ancient plant fung mutual contrast nitrogen phosphoru carbon exchang mucoromycotina glomeromycotina fungal symbiont liverwort
399606;energet regul coordin leader follow dynam collect invas breast cancer cell
207908;clinic studi evalu efficaci safeti hair serum product healthi adult male femal volunt hair fall
273667;intraop ketamin magnesium therapi control postop pain abdominoplasti and or liposuct clinic random trial
434435;connect riparian plant influenc veget type habitat fragment overrid water flow
449618;calcium channel blocker toxic practic approach
308214;mir promot neuroblastoma cell prolifer migrat invas target srcin
274047;dose pattern treatment disabl spastic intrathec baclofen
27592;microrna kidney develop diseas
872524;cross biom driver soil bacteri alpha divers worldwid scale
939315;preliminari psychometr properti arab version sheu colleagu perceiv stress scale nurs student jordanian univers
474531;expans rice enzymat rhizospher tempor dynam respons phosphoru cellulos applic
165080;pathophysiolog sars cov infect patient intracerebr hemorrhag
208139;chronic condit adult age year unit state
81988;evalu environment impact foundat structur disaggreg model decarbonis construct sector
552129;human social prefer cluster spread field
695497;pyridin azo dispers dye deriv selenium nanoparticl senp synthesi fast properti antimicrobi evalu
488468;amplitud envelop correl measur synchron cortic oscil perform musician amplitud envelop measur inter brain synchroni
738486;il prevent adenosine medi immunoregul inhibit cd express
243238;landscap impact d seismic survey arctic nation wildlif refug alaska
762566;potenti deep learn solut persist emerg big data challenges a practition cookbook
11531;labor anticommun unit state america unit kingdom
446790;photoreceptor degener abca associ retinopathi genet correl
868363;nanoemulgel innov carrier diflunis topic deliveri profound anti inflammatori effect vitro vivo evalu
82354;trait bas variat host contribut pathogen transmiss speci resourc suppli
564814;alarmon ap a elev aminoglycosid antibiot enhanc bactericid activ
316746;occup inflex women s employ transit parenthood
928410;lipid catabol microalga
989107;mir p protect mice sepsi repress hmgb experiment model
805864;overexpress tug promot neuron death cerebr infarct regul microrna
857021;date violenc associ factor male femal adolesc spain
448298;function analysi mbf factor involv respons amino acid starvat virul candida albican
909169;imag lutein zeaxanthin human retina confoc reson raman microscopi
367455;male aggress vari consortship rate habitat dolphin social network
388768;interact frequenc network posit tempor persist interact plant pollin network
826093;confirm intersubunit connect topolog design protein complex nativ ms
56131;phenolog mismatch drive select elev slope breed time plastic wild songbird
135479;select tumor antigen vaccin deliveri human cd antigen pres cell use ganglioside liposom
557790;format rescu neural tube defect caus mutat slc a
940238;ethic leadership organiz citizenship behavior mediat trust psycholog well b
483655;urinari tract infect strongyloid stercorali case report
613829;disrupt anaphase promot complex confer resist ttk inhibitor triple neg breast cancer
252487;anomal relax high temperatur structur factor xxz spin chain
74043;prevent middl ear barotrauma oxymetazoline fluticason treatment
972279;use lipid low drug associ outcom accord health state profil hospit older patient
428814;glp receptor signal increas pcsk β cell featur human α cell
941349;frailti phenotyp evid physic mental health compon community dwel early old adult
776308;treatment cholecalciferol lead increas select semen paramet young infertil male result month intervent studi
353536;impact hurrican irma commun collier mosquito control district s mission
708428;spatial transcriptom profil merfish reveal subcellular rna compartment cell cycle depend gene express
947539;viral discoveri divers trypanosomatid protozoa focu rel human parasit leishmania
879224;effect age exercis habit blood flow profil ocular circul
546971;synerg effect bee pollen metformin prolifer apoptosi granulosa cell rat model polycyst ovari syndrom
177100;set rule institut misfit bricolag hunt manag brazil
491701;depress anxieti primipar neg associ mother inf bond japanes mother
132298;lark owl swift woodcock fruit fli differenti respons herit chronotyp long hot summer day
120914;doe self efficaci contribut develop student motiv transit secondari higher educ
779500;male involv birth prepared ogun state nigeria rural urban compar cross sect studi
813511;mir c prevent malign develop cervic cancer regul gabrp level
775729;effect treatment small uncompl skin abscess needl case seri
388185;left ventricular remodel risk predict two dimension speckl track echocardiographi acut myocardi infarct patient midrang preserv eject fraction western romania
397709;mechan abelmoschu manihot l treatment contrast induc nephropathi basi network pharmacolog analysi
565661;calycosin influenc metabol probe drug rat
213173;influenc needle insert depth epidur spread clinic outcom caudal epidur inject random clinic trial
389385;metast contact process fast evolv scale fre network
647640;connect prolactin ovarian cancer
80970;economi embed exhaustif
525412;trend pediatr primari care visit coronaviru diseas pandem
830368;anim follow star
362885;benign overfit linear regress
227716;enhanc neural marker attent children adhd use digit therapeut
886984;post transl modifi liver kinas b serine threonin kinas hepatocellular carcinoma
991127;preval type lip print medic student medic colleg nepal
221500;essenti thrombocythaemia
112039;oscillatori fluid flow drive scale contract wave size
79297;plasma interleukin elev acut ischem stroke patient probabl associ month function prognosi
453177;illustr case pathfind clinic trial patient hemophilia treat turoctocog alfa pegol n gp
734213;respons patient local advanc pancreat adenocarcinoma high intens focus ultrasound treatment single cent prospect case seri china
455400;updat interim guidanc health care provid manag patient suspect e cigarett vape product use associ lung injuri unit state novemb
930526;research progress classic tradit chines medicin jieyu pill treatment depress
418924;delay onset osteomyel fetal limb amput secondari amniot band syndrom case report
263383;bodi mass index waist circumfer predict health rel qualiti life satisfact life elderli
450467;myocardi infarct non obstruct coronari arteri minoca periop period epinephrin respons
187702;catastroph long term care expenditur associ socio demograph econom factor
869940;microrna target multipl oncogen inhibit prolifer invas self renew aggress endometri cancer cell
52839;healthi contact len behavior commun eye care provid recal patient unit state
655464;tgacg bind factor tga tga regul salicyl acid pipecol acid biosynthesi modul express system acquir resist defici sard calmodulin bind protein g cbp g
125016;fruquintinib novel antivascular endotheli growth factor receptor tyrosin kinas inhibitor treatment metastat colorect cancer
234414;cross cultur adapt measur properti gener cancer rel patient report outcom measur prom use cancer patient brazil systemat review
472121;function trait diverg trait plastic confer polyploid advantag heterogen environ
696280;aerob exercis anxiolyt effect streptozotocin induc diabet rat
174424;micelle templ poli lactic co glycol acid nanoparticl hydrophob drug deliveri
3132;content analysi media report predat attack human understand human risk percept predat accept
557310;serv conserv mission strategi multi level nonprofit chang great recess
336140;enhanc antitumor efficaci paclitaxel load pegyl liposom n n dimethyl tertiari amino moieti pancreat cancer
391202;health literaci rural popul kazakhstan
133985;optim enzyme substr relationship bacteria
518613;effect hydrogen enrich auto ignit lean n pentane hydrogen mixtur elev pressur
867855;chromatin access gene express adipocyt differenti identifi context depend effect cardiometabol gwa loci
600202;microbiolog drug resist pathogen patient hospit nephrolog depart south poland
381368;acetylation medi degrad hsd b regul progress prostat cancer
722442;success diagnosi sacroiliac joint dysfunct
784667;drive interact strength complex food web test feed rate generalist stream predat
641408;medic expenditur immigr popul unit state systemat review
433890;signific cxcl cxcr ligand receptor axi variou aspect acut myeloid leukemia
991123;exposur vital cell necrot cell lysat induc ire α branch unfold protein respons cell prolifer
917426;tune baird aromat triplet st energi cyclooctatetraen maxim self heal mechan organ fluorophor
568810;comprehens analysi m a regul prognost valu prostat cancer
587468;factor drive patient prefer growth hormon defici ghd inject regimen inject devic featur discret choic experi
305567;effect topic insulin wound heal review anim human evid
466898;signatur select human antibodi repertoir select sweep compet subclon neutral drift
666122;high matrix metalloproteinas express associ poor prognosi pancreat adenocarcinoma
987623;methadon alter peripher inflammatori central immun landscap follow prenat exposur rat
82169;knee arthroplasti klippel trénaunay syndrom dimensional print patient specif instrument case report
401256;protein nanoribbon templat enamel miner
449373;vitro shoot regener enhanc synthesi plumbagin root callu plumbago zeylanica l an import medicin herb
371335;multilab ecofab studi show highli reproduc physiolog deplet soil metabolit model grass
153836;intravitr ocriplasmin clinic practic predictor success visual outcom complic predictor success visual outcom complic
30944;pomegran juic diminish mitochondria depend cell death nf kb signal pathway induc copper oxid nanoparticl liver kidney rat
741000;nuclear protein phylogeni support monophyli bryophyt group bryophyta schimp
663265;use nationwid survey non communic diseas risk factor differ definit evalu preval metabol syndrom burkina faso
783356;uncorrect visual acuiti postop astigmat dri eye symptom major determin patient satisfact compar real lif studi femtosecond laser situ keratomileusi small incis lenticul extract myopia
889413;il receptor blockad doe slow β cell loss new onset type diabet
407396;lost translat cortison treatment rheumatoid arthriti britain correct
61367;upregul mir p induc lipopolysaccharid contribut apoptosi hepatocyt hepat failur
976683;orthogon photocontrol non autonom dna walker
183471;model carbon sourc sink terrestri veget
785087;lethal subleth impact micropred post settl caribbean reef fish
103157;empath design respons gateway advic dutch counsel call
908661;icecap o current state play systemat review studi report psychometr properti use instrument decad public
942853;primari melanoma bladder case report review literatur
560175;sex wild field bas studi contribut solv problem sex perspect
913035;mind train enhanc flow state mental health basebal player taiwan
544466;develop valid emot labour nurs scale itali
181443;associ teacher s work passion student s work passion moder mediat model
474693;case manag program peopl complex need better engag commun pharmaci community bas organis
283195;pattern health servic utilis mother experienc mental health problem intim partner violenc ten year follow up australian prospect mother child cohort
962425;heart rate recoveri cancer risk prospect cohort studi
59371;epidemiolog featur coronaviru diseas children meta analysi
714295;prospect cohort studi exposur tobacco imageri popular film smoke uptak children southern india
134625;train intervent decreas medic record abstract error multicent studi
34482;uterus preserv treatment uncontrol postpartum hemorrhag esik s techniqu esik s techniqu
469261;bioinformat analysi rna sequenc scamp express correl gene regul hepatocellular carcinoma
49088;humanist outcom patient accept pharmacist l medic review polymed check primari care switzerland prospect random control trial
927644;appli case bas method design self direct onlin instruct form research studi
891884;activ melatonin gastric cancer growth chick embryo tumor xenograft model
221508;distinct under express profil inflammatori redox gene blood elderli patient cardiovascular diseas
11829;relationship climat chang malaria south east asia systemat review evid
65590;kndc predict marker malign transform borderlin ovarian tumor
667634;comorbid qualiti life obesity a compar studi gener popul gothenburg sweden
630673;igg collabor igg iga recruit effector function rv vaccine
44079;silent versu read loud mode eye track studi
24613;differ mitochondri effici explain individu variat growth perform
824877;individual specif function connect amygdala substrat precis psychiatri
426615;clinic characterist outcom patient sever critic covid
880805;healthi sexual develop adolesc propos competency bas framework inform programm research
637013;tailor terpesom leciplex effect ocular convey moxifloxacin hydrochlorid compar assess in vitro ex vivo in vivo evalu
814847;effici funnel trap control pine processionari moth
653511;inflamm infect unreport chronic obstruct pulmonari diseas exacerb
18206;dusp directli deubiquitin stabil smad protein promot prolifer metastasi colorect cancer cell
927226;long noncod rna thap as induc helicobact pylori promot cell growth migrat gastric cancer
860165;decoupl jaw promot trophic divers cichlid fish
827398;treatment earli hypertens person live hiv haiti protocol random control trial
45953;microvessel densiti lipid chemistri n solubl human pig adipos tissu
496519;low pdcd express associ poor prognosi colorect carcinoma
897849;interact machin learn fast robust cell profil
867318;periop clinic result transcerv transhiat esophagectomi versu thoracoscop esophagectomi patient esophag carcinoma prospect random control studi
257350;microwave assist autom glycan assembl
655197;co creat environ empow elder strengthen commun design
656283;effect intrathec dexmedetomidin prevent shiver cesarean section spinal anesthesia meta analysi trial sequenti analysi
339462;special element pseudo invers function groupoid
144311;control silk fibroin conform dynam respons multifunct micropattern surfac
50861;cerebr hypoperfus autism spectrum disord
635731;languag barrier manag bronchiol pediatr emerg depart
134722;compar edna metabarcod primer assess fish commun biodivers estuari
154099;climat chang canada s north coast research trend progress futur direct
20386;tip prime prostat lumin cell oncogen transform mediat pten loss
568222;probe mechan inhibit amyloid β induc neurotox chaperonin groel
746162;ce monitor adult patient intoler gastric tube feed
970195;role plant growth promot bacteria pgpr biocontrol agent meloidogyn incognita improv plant defens lycopersicon esculentum
427869;sensit diffus mri microstructur properti experiment factor
145075;relax tyrosin pathway regul underli evolut betalain pigment caryophyllal
954880;quantit assess sit time ambul adult muscular dystrophi
626379;indian academi pediatr posit paper kawasaki diseas
923374;dynam mosaic phenotyp flower plant
323110;antibodi caspr contactin complex chronic inflammatori demyelin polyradiculoneuropathi
885061;green fluoresc cnidarian host attract symbiot alga
233654;adipocyt p y receptor play key role regul whole bodi glucos lipid homeostasi
179925;parp depend recruit cold induc rna bind protein promot double strand break repair genom stabil
14087;physic work demand psychosoci work condit predictor musculoskelet pain cohort studi compar self report job exposur matrix measur
131987;phylogenet function taxonom rich posit neg effect ecosystem multifunction
465069;nutrit qualiti s key role odd overweight adult rs polymorph fto gene role manganes vitamin d
524698;opium poppi genom morphinan product
231568;develop valid model predict outcom colon cancer surveil
572621;antimicrobi resist pathogen caus bloodstream infect multicent surveil report year
392470;doe ethic leadership motiv follow particip deliv compass
474760;develop surveil definit unit states mexico binat case tuberculosi
265183;crosstalk circulatori microenviron vascular endotheli cell acut myocardi infarct
886947;rural e commerc develop farmer digit credit behavior evid china famili panel studi
844339;comparison predict model acut kidney injuri patient hepatobiliari malign base xgboost lasso logist algorithm
50084;evalu novel multifactori fall prevent activ programm community dwel older peopl stroke mixed method feasibl studi
53581;global mitig potenti carbon store harvest wood product
338785;predict evolutionari potenti numer test evolv measur
279959;dendrit comput captur effect point neuron model
32735;amelior effect nanoencapsul triterpenoid petri dish cultur antrodia cinnamomea reproduct function diabet male rat
549390;common garden experi disentangl plant genet environment contribut ectomycorrhiz fungal commun structur
622203;age stage classifi demograph analysi comprehens approach
512001;clinic trial portfolio critic oversight human research ethic drug regul polici
913642;preserv restor volumetr structur concret take account optim oper cost life cycl hydraul structur
109242;friedelane typ triterpen cyclas celastrol biosynthesi tripterygium wilfordii applic triterpen biosynthesi yeast
799092;variat winter thrush abund hunt season southern europ import hunting fre reserv
206156;encod biolog recognit bicompon cell membran mimic
994530;correl promot hypomethyl increas express syncytin non smal cell lung cancer
615919;extracorpor organ support kidney
440429;wilder medic societi clinic practic guidelin prevent manag tick born ill unit state
22077;stitch peopl togeth art cross cultur encount embroideri workshop
269625;integr social behaviour demographi diseas dynam network model applic diseas manag declin wildlif popul
122635;adolesc quadricep tendon ruptur earli complic acl reconstruct case report
600375;eda activ relb recruit swi snf baf chromatin remodel complex initi gene transcript skin appendag format
788249;immunomodulatori effect mesenchym stem cell mesenchym stem cell deriv exosom covid treatment
282318;pollen aggreg viscin thread rhododendron vari pollin
912444;bodi mass variat neg associ brain size evid fat brain trade off anuran
866058;alter bdnf methyl patient chronic musculoskelet pain high biopsychosoci complex
238920;intermitt roll defect extravas cascad caus myosin e defici neutrophil
320650;effect long last insecticid net piperonyl butoxid malaria indic uganda llineup pragmat cluster randomis trial embed nation llin distribut campaign
49996;immunogenet basi chicken s heterophil lymphocyt ratio reveal genome wid indel variant analysi
228110;earli part tim sick leav result consider save social secur cost nation level analysi base quasi experi finland
46844;fgfr mediat protocadherin load mediat cargo specif intraflagellar transport inner ear hair cel kinocilia
373949;sensit analysi cropgro canola model china case studi rapese
753156;metropolitan reclassif urban rural america
27987;associ serum paraoxonas activ polymorph oxid stress breast cancer patient type diabet mellitu
930527;dispar incid covid underrepres racial ethn group counti identifi hotspot june state february jun
871827;effect oxygen glucos bone marrow mesenchym stem cell cultur
985183;green nanotechnolog review green synthesi silver nanoparticl ecofriendli approach
209032;simpl epidem model segment better complex one
428974;dimer c rgd peptid conjug nanostructur lipid carrier effici deliveri gambog acid breast cancer
815421;global databas pair leaf nitrogen phosphoru concentr terrestri plant
980795;characterist manag in hospit clinic outcom inpati acut exacerb chronic obstruct pulmonari diseas china result phase data acur studi
438945;translat valid clinician administ ptsd scale caps ca portugues children adolesc
615252;studi effect deep brain stimul medic dynam stn lfp signal human behavior analysi
789363;emerg aspect jumbo bacteriophag
940799;climat chang alter ecosystem domin sponge domin reef function
759386;efficaci bival hpv vaccin hpv associ precanc long term follow up result costa rica vaccin trial
269748;dysplasia epiphyseali hemimelica present multipl loos bodi case report
831171;fgb wsc planta induc β glucan bind fungal lectin differ function
85972;conduct exposure bas group telehealth adolesc young adult social anxieti disord
441931;efficaci perineur dexamethason ropivacain thorac paravertebr block postop analgesia elect thoracotomi random double blind placebo control trial
210226;circular rna circepb l function tumor suppressor hepatocellular carcinoma spong mir p
620607;genet instrument variabl regress explain socioeconom health outcom nonexperiment data
338127;local adapt evolut invers sex chromosom autosom
406380;construct circrna medi immune rel cerna network identif circul circrna diagnost biomark acut ischem stroke
273889;physical work abil chronic musculoskelet complaint relat leisure tim physic activ cross sect studi manual worker age year
560684;eye futur evid trade off growth storag defens norway spruce
218911;combin therapi versu gemcitabin monotherapi treatment elderli pancreat cancer meta analysi random control trial
130286;ten year outcom intensity modul radiotherapi imrt combin chemotherapi versu imrt stage ii nasopharyng carcinoma real world studi rwd
717336;imperfect vaccin hysteresi
76230;diagnost perform cxbladder resolv combin cxbladder test identif prioriti evalu patient risk urotheli carcinoma
608600;oxid behavior intermetal compound growth dynam sac cu solder joint rapid thermal shock
804700;sucreri ziizbaakdokaanan racial indigen creoliz archaeolog maple sugar camp northern michigan
297878;effect silicon hydroco doubl loop ureter stent symptom qualiti life patient undergo flexibl ureteroscopi kidney stone random multicent clinic studi
324409;prepared primari health care leader covid outbreak riyadh saudi arabia qualit studi
530559;diagnost yield oral swab test tb lamp diagnosi pulmonari tuberculosi
526255;extens drought associ plant mortal agent type convers chaparr shrubland
418148;symptomat nonunion tibial sid posterior cruciat ligament avuls fractur treat open repair case report
173370;untarget metabolom uncov biolog marker human skelet muscl age
299768;atmospher nitrogen fixat gliricidia tree gliricidia sepium jacq kunth ex walp intercrop cocoa theobroma cacao l
758346;cluster dynam crowd protein near membran influenc membran bend
72807;synergist effect resveratrol temozolomid glioblastoma cell underli mechan therapeut implic
575200;combin therapi cannabidiol chemotherapeut canin urotheli carcinoma cell
239070;mir c p reduc bone loss rat diabet osteoporosi target regul dvl express
382610;explor therapeut multi target mechan ketamin cerebr ischemia base network pharmacolog molecular dock
770559;growth pole ring protein form nm diamet ring structur essenti polar growth rod shape agrobacterium tumefacien
85526;forecast spatial transmiss influenza unit state
404732;risk factor fontan associ hepatocellular carcinoma
164839;case control survey diagnost viral gastroenter panel test gener practition patient
106889;high accuraci lagging strand dna replic mediat dna polymeras dissoci
415930;economi parasit bodi size
44434;semi individu acupunctur insomnia disord oxid stress random double blind sham control trial
637954;slope distanc build easy to retriev proxi estim livestock site us intens alpin summer pastur
871538;assembl multidomain protein structur analog global structur align
601794;pink chat network sex work internet
364857;social factor matter cancer risk survivorship
447530;compress sens eeg gabor dictionari effect time frequenc resolut
830583;strengthen decentr primari healthcar plan nigeria use qualiti improv model context actor affect implement
771126;cope strategi optim life satisfact first year univers student itali gender age differ
365415;predict alter surfac activ consequ climat chang
906167;linkag root trait soil fungi aggreg stabil tropic plant commun succession veget gradient
470049;social runaway fisherian elabor or reduct social select trait indirect genet effect
536613;unusu effici cug initi overlap read frame polg mrna yield novel protein polgarf
50029;amyloid beta impair tom medi il r signal
789754;bacteria natur popul transfer plasmid kin
818431;effect inform technology bas two way referr diagnosi manag cervic lesion cluster control trial china
364218;factor associ low health rel qualiti life younger older thai patient non valvular atrial fibril
497282;search direct product chargino neutralino final state tau lepton s tev pp collis atla detector
279945;heterogen psycholog resili mental health newli graduat nurs student latent profil gener addit model analysi
556862;variat multilevel select sars cov
120104;impact cyanobacteri bloom microbiom freshwat lake
191716;primer medicin cannabi safeti potenti advers effect
744756;contrast enhanc high resolut mri evalu time cours chang middl cerebr arteri plaqu
482844;father involv children unit kingdom recent trend class differ
481878;shearwat know direct distanc home fail encod interven obstacl free rang forag trip
72679;asteroid impact volcan caus end cretac dinosaur extinct
172037;reflect interdisciplinari collabor inform public understand climat chang mitig impact
388891;blockchain applic pari agreement carbon market mechanism a decis framework architectur
348507;overparameter neural network implement associ memori
51706;corpor held public interest law
