504331;precari employ mental health systemat review meta analysi longitudin studi
154005;associ parent self efficaci diet physic activ bodi composit cardiorespiratori fit swedish preschool result ministop trial
215717;veget cover relat socioeconom factor tropic citi assess sub met resolut imageri
222010;covid mitig behavior age group unit state april jun
583275;metformin suppress nrf mediat chemoresist hepatocellular carcinoma cell increas glycolysi
414254;therapeut effect safe use plant deriv polyphenol compound cardiovascular diseas review
867706;inositol hexakisphosph kinas promot focal adhes turnov interact dynein intermedi chain
560849;incomplet converg glide mammal skeleton
479479;contemporari multidisciplinari manag sinonas mucos melanoma
692760;effect phytolith rice straw biochar soil buffer capac ph silicon bioavail
879238;charact displac midst background evolut island popul anoli lizard spatiotempor perspect
109898;institut incorpor inequ case minor health inequ europ
949797;fractur nonunion clavicl surgic reduct year old girl case report
778263;nitric oxid phytohormon interact respons lactuca sativa salin stress
293030;predict factor clinicopatholog characterist sentinel lymph node metastasi t t breast cancer
53320;hsa circ suppress prolifer metastasi emt promot apoptosi non smal cell lung cancer mir p foxp pathway
876284;childhood maltreat associ chang mitochondri bioenerget matern neonat immun cell
566471;capsaicin amelior nephrotox induc methotrex
406773;explain high plant rich east asia time diversif tribe lysimachiea primulacea
639176;evalu effect surveil contain measur patient covid singapor januari februari
832816;ponatinib novel multi tyrosin kinas inhibitor human malign
994777;simpl rule develop stakehold engag plan
1086;real tim qualiti control optic backscatt data biogeochemical argo float
653046;laminin collagen iv inclus immunoisol microcapsul reduc cytokine medi cell death human pancreat islet
561343;log soil nutrient independ explain plant trait express tropic forest
512143;Precarious employment and mental health: a systematic review and meta-analysis of longitudinal studies
821427;Associations of Parental Self-Efficacy With Diet, Physical Activity, Body Composition, and Cardiorespiratory Fitness in Swedish Preschoolers: Results From the MINISTOP Trial
375727;Vegetation cover in relation to socioeconomic factors in a tropical city assessed from sub-meter resolution imagery
42843;COVID-19 Mitigation Behaviors by Age Group - United States, April-June 2020
470709;Metformin suppresses Nrf2-mediated chemoresistance in hepatocellular carcinoma cells by increasing glycolysis
327233;Therapeutic Effects and Safe Uses of Plant-Derived Polyphenolic Compounds in Cardiovascular Diseases: A Review
547352;Inositol hexakisphosphate kinase 3 promotes focal adhesion turnover via interactions with dynein intermediate chain 2
689145;Incomplete convergence of gliding mammal skeletons
751942;Contemporary Multidisciplinary Management of Sinonasal Mucosal Melanoma
930330;Effects of phytolithic rice-straw biochar, soil buffering capacity and pH on silicon bioavailability
560521;Character displacement in the midst of background evolution in island populations of Anolis lizards: A spatiotemporal perspective
132425;Institutions, Incorporation, and Inequality: The Case of Minority Health Inequalities in Europe
63061;Fracture Nonunion of the Clavicle After Surgical Reduction in a 13-Year-Old Girl: A Case Report
998882;Nitric oxide and phytohormone interactions in the response of Lactuca sativa to salinity stress
911215;Predictive Factors Among Clinicopathological Characteristics for Sentinel Lymph Node Metastasis in T1-T2 Breast Cancer
973490;Hsa_circ_0043265 Suppresses Proliferation, Metastasis, EMT and Promotes Apoptosis in Non-Small Cell Lung Cancer Through miR-25-3p/FOXP2 Pathway
33050;Childhood maltreatment is associated with changes in mitochondrial bioenergetics in maternal, but not in neonatal immune cells
713687;Effects of neighbour location and nutrient distributions on root foraging behaviour of the common sunflower
849006;Capsaicin ameliorate the nephrotoxicity induced by methotrexate
650418;Evaluation of the Effectiveness of Surveillance and Containment Measures for the First 100 Patients with COVID-19 in Singapore - January 2-February 29, 2020
714768;Color-matching between pollen and corolla: hiding pollen via visual crypsis?
287458;Ponatinib: a novel multi-tyrosine kinase inhibitor against human malignancies
163857;Ten simple rules on how to develop a stakeholder engagement plan
250499;Vitiligo-Like Lesions in a Patient with Metastatic Breast Cancer Treated with Cyclin-Dependent Kinase (CDK) 4/6 Inhibitor: A Case Report and Literature Review
880228;Thermodynamics of relativistic quantum fields confined in cavities
690647;Melbourne: The Archaeology of a World City
334062;Exploring the lived experience of Long Covid in black and minority ethnic groups in the UK: Protocol for qualitative interviews and art-based methods
430332;Probabilistic Opinion Pooling with Imprecise Probabilities
646027;A community resource to mass explore the wheat grain proteome and its application to the late-maturity alpha-amylase (LMA) problem
